image_path,prompt,attractiveness,clip_score,aesthetic,image_reward,pick_score,hps
C:\\Users\\hgm1g14\\Documents\\AI_Manipulation_Hackathon\\generated_images_flux\\0_attractive.jpg,a portrait photo of a face,2.0,28.75786781311035,5.932198524475098,1.3184611797332764,22.548282623291016,0.336669921875
C:\\Users\\hgm1g14\\Documents\\AI_Manipulation_Hackathon\\generated_images_flux\\0_normal.jpg,a portrait photo of a face,1.0,29.219255447387695,5.800243377685547,1.4249577522277832,22.773481369018555,0.331787109375
C:\\Users\\hgm1g14\\Documents\\AI_Manipulation_Hackathon\\generated_images_flux\\0_unattractive.jpg,a portrait photo of a face,0.0,29.35715103149414,5.625827789306641,1.64155912399292,21.10316276550293,0.313720703125
C:\\Users\\hgm1g14\\Documents\\AI_Manipulation_Hackathon\\generated_images_flux\\10_attractive.jpg,a portrait photo of a face,2.0,28.3575439453125,6.651957035064697,1.586950421333313,22.55465316772461,0.340576171875
C:\\Users\\hgm1g14\\Documents\\AI_Manipulation_Hackathon\\generated_images_flux\\10_normal.jpg,a portrait photo of a face,1.0,28.98064613342285,6.038476467132568,1.5323755741119385,22.308364868164062,0.329345703125
C:\\Users\\hgm1g14\\Documents\\AI_Manipulation_Hackathon\\generated_images_flux\\10_unattractive.jpg,a portrait photo of a face,0.0,28.185659408569336,6.432720184326172,1.7467401027679443,20.472930908203125,0.32177734375
C:\\Users\\hgm1g14\\Documents\\AI_Manipulation_Hackathon\\generated_images_flux\\11_attractive.jpg,a portrait photo of a face,2.0,28.318326950073242,6.096427917480469,0.9815750122070312,22.496807098388672,0.319580078125
C:\\Users\\hgm1g14\\Documents\\AI_Manipulation_Hackathon\\generated_images_flux\\11_normal.jpg,a portrait photo of a face,1.0,28.429805755615234,5.552577018737793,0.9969972372055054,22.42323875427246,0.314453125
C:\\Users\\hgm1g14\\Documents\\AI_Manipulation_Hackathon\\generated_images_flux\\11_unattractive.jpg,a portrait photo of a face,0.0,29.96780014038086,5.703969955444336,1.5466252565383911,22.298845291137695,0.323486328125
C:\\Users\\hgm1g14\\Documents\\AI_Manipulation_Hackathon\\generated_images_flux\\12_attractive.jpg,a portrait photo of a face,2.0,28.905385971069336,6.341164588928223,1.3510576486587524,22.758380889892578,0.334228515625
C:\\Users\\hgm1g14\\Documents\\AI_Manipulation_Hackathon\\generated_images_flux\\12_normal.jpg,a portrait photo of a face,1.0,27.312278747558594,5.7317585945129395,1.2524709701538086,20.683258056640625,0.31201171875
C:\\Users\\hgm1g14\\Documents\\AI_Manipulation_Hackathon\\generated_images_flux\\12_unattractive.jpg,a portrait photo of a face,0.0,28.863609313964844,5.431041717529297,0.909607470035553,20.685813903808594,0.286376953125
C:\\Users\\hgm1g14\\Documents\\AI_Manipulation_Hackathon\\generated_images_flux\\13_attractive.jpg,a portrait photo of a face,2.0,27.32471466064453,5.959908962249756,1.0590639114379883,22.53321075439453,0.32470703125
C:\\Users\\hgm1g14\\Documents\\AI_Manipulation_Hackathon\\generated_images_flux\\13_normal.jpg,a portrait photo of a face,1.0,29.443157196044922,5.996463775634766,0.843783438205719,22.377286911010742,0.30517578125
C:\\Users\\hgm1g14\\Documents\\AI_Manipulation_Hackathon\\generated_images_flux\\13_unattractive.jpg,a portrait photo of a face,0.0,31.545867919921875,5.829758644104004,1.4583362340927124,21.574983596801758,0.30615234375
C:\\Users\\hgm1g14\\Documents\\AI_Manipulation_Hackathon\\generated_images_flux\\14_attractive.jpg,a portrait photo of a face,2.0,28.327119827270508,5.5890092849731445,0.8941004872322083,22.57179069519043,0.319580078125
C:\\Users\\hgm1g14\\Documents\\AI_Manipulation_Hackathon\\generated_images_flux\\14_normal.jpg,a portrait photo of a face,1.0,28.842037200927734,6.145773887634277,0.6020140051841736,21.408809661865234,0.316650390625
C:\\Users\\hgm1g14\\Documents\\AI_Manipulation_Hackathon\\generated_images_flux\\14_unattractive.jpg,a portrait photo of a face,0.0,31.336334228515625,5.61463737487793,1.6143555641174316,21.902463912963867,0.314697265625
C:\\Users\\hgm1g14\\Documents\\AI_Manipulation_Hackathon\\generated_images_flux\\15_attractive.jpg,a portrait photo of a face,2.0,28.488821029663086,6.340115070343018,1.3676304817199707,22.502670288085938,0.33447265625
C:\\Users\\hgm1g14\\Documents\\AI_Manipulation_Hackathon\\generated_images_flux\\15_normal.jpg,a portrait photo of a face,1.0,30.955699920654297,5.780633449554443,1.5637887716293335,22.47325325012207,0.334716796875
C:\\Users\\hgm1g14\\Documents\\AI_Manipulation_Hackathon\\generated_images_flux\\15_unattractive.jpg,a portrait photo of a face,0.0,30.60409927368164,5.494917392730713,1.6056426763534546,21.510576248168945,0.310302734375
C:\\Users\\hgm1g14\\Documents\\AI_Manipulation_Hackathon\\generated_images_flux\\16_attractive.jpg,a portrait photo of a face,2.0,28.769439697265625,6.0095438957214355,1.2338621616363525,22.69775390625,0.334228515625
C:\\Users\\hgm1g14\\Documents\\AI_Manipulation_Hackathon\\generated_images_flux\\16_normal.jpg,a portrait photo of a face,1.0,29.08128547668457,6.417103290557861,1.1869820356369019,21.912240982055664,0.3125
C:\\Users\\hgm1g14\\Documents\\AI_Manipulation_Hackathon\\generated_images_flux\\16_unattractive.jpg,a portrait photo of a face,0.0,30.26920509338379,6.025645732879639,1.4046242237091064,21.585512161254883,0.314453125
C:\\Users\\hgm1g14\\Documents\\AI_Manipulation_Hackathon\\generated_images_flux\\17_attractive.jpg,a portrait photo of a face,2.0,27.992948532104492,6.135333061218262,1.2814840078353882,22.503629684448242,0.32080078125
C:\\Users\\hgm1g14\\Documents\\AI_Manipulation_Hackathon\\generated_images_flux\\17_normal.jpg,a portrait photo of a face,1.0,28.36054039001465,6.318840980529785,0.8577944040298462,22.52788734436035,0.3017578125
C:\\Users\\hgm1g14\\Documents\\AI_Manipulation_Hackathon\\generated_images_flux\\17_unattractive.jpg,a portrait photo of a face,0.0,31.09369659423828,5.968644618988037,1.414162278175354,22.095224380493164,0.307373046875
C:\\Users\\hgm1g14\\Documents\\AI_Manipulation_Hackathon\\generated_images_flux\\18_attractive.jpg,a portrait photo of a face,2.0,26.45470428466797,6.547299385070801,1.4182345867156982,22.30216407775879,0.32470703125
C:\\Users\\hgm1g14\\Documents\\AI_Manipulation_Hackathon\\generated_images_flux\\18_normal.jpg,a portrait photo of a face,1.0,26.959270477294922,5.726187705993652,1.2523096799850464,22.597126007080078,0.320068359375
C:\\Users\\hgm1g14\\Documents\\AI_Manipulation_Hackathon\\generated_images_flux\\18_unattractive.jpg,a portrait photo of a face,0.0,28.964122772216797,5.543978691101074,1.6663775444030762,22.719789505004883,0.32421875
C:\\Users\\hgm1g14\\Documents\\AI_Manipulation_Hackathon\\generated_images_flux\\19_attractive.jpg,a portrait photo of a face,2.0,29.768890380859375,5.873091697692871,1.4093108177185059,22.32147979736328,0.3310546875
C:\\Users\\hgm1g14\\Documents\\AI_Manipulation_Hackathon\\generated_images_flux\\19_normal.jpg,a portrait photo of a face,1.0,29.938146591186523,6.3925299644470215,1.1220442056655884,21.97880744934082,0.321533203125
C:\\Users\\hgm1g14\\Documents\\AI_Manipulation_Hackathon\\generated_images_flux\\19_unattractive.jpg,a portrait photo of a face,0.0,30.090608596801758,6.10189151763916,0.7550694942474365,21.026185989379883,0.299072265625
C:\\Users\\hgm1g14\\Documents\\AI_Manipulation_Hackathon\\generated_images_flux\\1_attractive.jpg,a portrait photo of a face,2.0,30.057048797607422,6.615209102630615,1.2739962339401245,22.262514114379883,0.325439453125
C:\\Users\\hgm1g14\\Documents\\AI_Manipulation_Hackathon\\generated_images_flux\\1_normal.jpg,a portrait photo of a face,1.0,29.01117706298828,6.018218994140625,1.561781406402588,22.582244873046875,0.3369140625
C:\\Users\\hgm1g14\\Documents\\AI_Manipulation_Hackathon\\generated_images_flux\\1_unattractive.jpg,a portrait photo of a face,0.0,31.825607299804688,5.559587478637695,1.3408743143081665,21.474267959594727,0.302978515625
C:\\Users\\hgm1g14\\Documents\\AI_Manipulation_Hackathon\\generated_images_flux\\20_attractive.jpg,a portrait photo of a face,2.0,28.28703498840332,5.997973442077637,0.8279109597206116,22.839494705200195,0.312744140625
C:\\Users\\hgm1g14\\Documents\\AI_Manipulation_Hackathon\\generated_images_flux\\20_normal.jpg,a portrait photo of a face,1.0,30.201274871826172,5.983489990234375,1.4165537357330322,21.801809310913086,0.30615234375
C:\\Users\\hgm1g14\\Documents\\AI_Manipulation_Hackathon\\generated_images_flux\\20_unattractive.jpg,a portrait photo of a face,0.0,31.486812591552734,5.8456130027771,1.5385470390319824,21.503849029541016,0.2939453125
C:\\Users\\hgm1g14\\Documents\\AI_Manipulation_Hackathon\\generated_images_flux\\21_attractive.jpg,a portrait photo of a face,2.0,26.703340530395508,6.317600250244141,1.1886614561080933,22.23621940612793,0.31787109375
C:\\Users\\hgm1g14\\Documents\\AI_Manipulation_Hackathon\\generated_images_flux\\21_normal.jpg,a portrait photo of a face,1.0,29.06978988647461,5.889116287231445,1.6455023288726807,22.244686126708984,0.30859375
C:\\Users\\hgm1g14\\Documents\\AI_Manipulation_Hackathon\\generated_images_flux\\21_unattractive.jpg,a portrait photo of a face,0.0,30.76087188720703,5.73768424987793,1.5377575159072876,21.805479049682617,0.29541015625
C:\\Users\\hgm1g14\\Documents\\AI_Manipulation_Hackathon\\generated_images_flux\\22_attractive.jpg,a portrait photo of a face,2.0,29.533390045166016,6.416646957397461,1.226875901222229,22.670318603515625,0.32861328125
C:\\Users\\hgm1g14\\Documents\\AI_Manipulation_Hackathon\\generated_images_flux\\22_normal.jpg,a portrait photo of a face,1.0,30.04222297668457,5.783021926879883,1.4614696502685547,22.408123016357422,0.32568359375
C:\\Users\\hgm1g14\\Documents\\AI_Manipulation_Hackathon\\generated_images_flux\\22_unattractive.jpg,a portrait photo of a face,0.0,27.559104919433594,5.8694305419921875,1.617531657218933,20.74834442138672,0.3076171875
C:\\Users\\hgm1g14\\Documents\\AI_Manipulation_Hackathon\\generated_images_flux\\23_attractive.jpg,a portrait photo of a face,2.0,28.59014892578125,6.4345173835754395,1.3164368867874146,22.442777633666992,0.318603515625
C:\\Users\\hgm1g14\\Documents\\AI_Manipulation_Hackathon\\generated_images_flux\\23_normal.jpg,a portrait photo of a face,1.0,29.62145233154297,5.800925254821777,1.7092078924179077,21.70969009399414,0.310791015625
C:\\Users\\hgm1g14\\Documents\\AI_Manipulation_Hackathon\\generated_images_flux\\23_unattractive.jpg,a portrait photo of a face,0.0,27.4177188873291,5.914468765258789,1.3848334550857544,20.733028411865234,0.322021484375
C:\\Users\\hgm1g14\\Documents\\AI_Manipulation_Hackathon\\generated_images_flux\\24_attractive.jpg,a portrait photo of a face,2.0,28.49872398376465,6.089517593383789,1.1599539518356323,22.671995162963867,0.315185546875
C:\\Users\\hgm1g14\\Documents\\AI_Manipulation_Hackathon\\generated_images_flux\\24_normal.jpg,a portrait photo of a face,1.0,29.448955535888672,6.22580623626709,1.3301841020584106,22.181337356567383,0.328125
C:\\Users\\hgm1g14\\Documents\\AI_Manipulation_Hackathon\\generated_images_flux\\24_unattractive.jpg,a portrait photo of a face,0.0,30.37561798095703,4.835107803344727,1.2813280820846558,21.484426498413086,0.310791015625
C:\\Users\\hgm1g14\\Documents\\AI_Manipulation_Hackathon\\generated_images_flux\\25_attractive.jpg,a portrait photo of a face,2.0,27.496082305908203,5.750210762023926,0.7672746181488037,22.310693740844727,0.30615234375
C:\\Users\\hgm1g14\\Documents\\AI_Manipulation_Hackathon\\generated_images_flux\\25_normal.jpg,a portrait photo of a face,1.0,27.557676315307617,5.735783576965332,0.8925153613090515,22.31805992126465,0.306640625
C:\\Users\\hgm1g14\\Documents\\AI_Manipulation_Hackathon\\generated_images_flux\\25_unattractive.jpg,a portrait photo of a face,0.0,29.958763122558594,5.3140716552734375,1.3892292976379395,21.79047966003418,0.3193359375
C:\\Users\\hgm1g14\\Documents\\AI_Manipulation_Hackathon\\generated_images_flux\\26_attractive.jpg,a portrait photo of a face,2.0,28.761764526367188,6.18577766418457,1.221637487411499,22.640714645385742,0.319580078125
C:\\Users\\hgm1g14\\Documents\\AI_Manipulation_Hackathon\\generated_images_flux\\26_normal.jpg,a portrait photo of a face,1.0,29.663330078125,5.893500328063965,1.576515793800354,22.640865325927734,0.327880859375
C:\\Users\\hgm1g14\\Documents\\AI_Manipulation_Hackathon\\generated_images_flux\\26_unattractive.jpg,a portrait photo of a face,0.0,26.24533462524414,5.589341163635254,1.3516205549240112,20.368505477905273,0.317626953125
C:\\Users\\hgm1g14\\Documents\\AI_Manipulation_Hackathon\\generated_images_flux\\27_attractive.jpg,a portrait photo of a face,2.0,28.09365463256836,6.192324638366699,1.1731866598129272,22.228809356689453,0.31884765625
C:\\Users\\hgm1g14\\Documents\\AI_Manipulation_Hackathon\\generated_images_flux\\27_normal.jpg,a portrait photo of a face,1.0,29.573116302490234,5.447911739349365,1.2873255014419556,22.92848777770996,0.332763671875
C:\\Users\\hgm1g14\\Documents\\AI_Manipulation_Hackathon\\generated_images_flux\\27_unattractive.jpg,a portrait photo of a face,0.0,30.667030334472656,5.608901023864746,1.577676773071289,21.83934211730957,0.306396484375
C:\\Users\\hgm1g14\\Documents\\AI_Manipulation_Hackathon\\generated_images_flux\\28_attractive.jpg,a portrait photo of a face,2.0,29.68452262878418,6.3642778396606445,1.4164533615112305,22.5116024017334,0.327392578125
C:\\Users\\hgm1g14\\Documents\\AI_Manipulation_Hackathon\\generated_images_flux\\28_normal.jpg,a portrait photo of a face,1.0,31.044113159179688,5.894878387451172,1.2313820123672485,22.032197952270508,0.317138671875
C:\\Users\\hgm1g14\\Documents\\AI_Manipulation_Hackathon\\generated_images_flux\\28_unattractive.jpg,a portrait photo of a face,0.0,31.336711883544922,5.558221817016602,1.1772935390472412,21.397052764892578,0.30419921875
C:\\Users\\hgm1g14\\Documents\\AI_Manipulation_Hackathon\\generated_images_flux\\29_attractive.jpg,a portrait photo of a face,2.0,27.904996871948242,6.423946380615234,1.3409773111343384,22.747407913208008,0.3193359375
C:\\Users\\hgm1g14\\Documents\\AI_Manipulation_Hackathon\\generated_images_flux\\29_normal.jpg,a portrait photo of a face,1.0,28.41295623779297,6.226605415344238,1.2517695426940918,22.33626365661621,0.315185546875
C:\\Users\\hgm1g14\\Documents\\AI_Manipulation_Hackathon\\generated_images_flux\\29_unattractive.jpg,a portrait photo of a face,0.0,30.234289169311523,5.823243141174316,1.1915552616119385,21.72410011291504,0.290283203125
C:\\Users\\hgm1g14\\Documents\\AI_Manipulation_Hackathon\\generated_images_flux\\2_attractive.jpg,a portrait photo of a face,2.0,28.130016326904297,6.571596622467041,1.0779439210891724,22.624454498291016,0.331298828125
C:\\Users\\hgm1g14\\Documents\\AI_Manipulation_Hackathon\\generated_images_flux\\2_normal.jpg,a portrait photo of a face,1.0,28.70686912536621,5.758672714233398,1.5385414361953735,22.489036560058594,0.33203125
C:\\Users\\hgm1g14\\Documents\\AI_Manipulation_Hackathon\\generated_images_flux\\2_unattractive.jpg,a portrait photo of a face,0.0,29.917165756225586,5.605337619781494,0.9319327473640442,20.993213653564453,0.280517578125
C:\\Users\\hgm1g14\\Documents\\AI_Manipulation_Hackathon\\generated_images_flux\\30_attractive.jpg,a portrait photo of a face,2.0,29.291492462158203,6.2800445556640625,1.3142244815826416,22.592077255249023,0.3310546875
C:\\Users\\hgm1g14\\Documents\\AI_Manipulation_Hackathon\\generated_images_flux\\30_normal.jpg,a portrait photo of a face,1.0,29.25198745727539,5.754813194274902,1.0154919624328613,21.77412223815918,0.3291015625
C:\\Users\\hgm1g14\\Documents\\AI_Manipulation_Hackathon\\generated_images_flux\\30_unattractive.jpg,a portrait photo of a face,0.0,31.735218048095703,5.958749294281006,0.6008992195129395,21.95519256591797,0.3056640625
C:\\Users\\hgm1g14\\Documents\\AI_Manipulation_Hackathon\\generated_images_flux\\31_attractive.jpg,a portrait photo of a face,2.0,27.18219757080078,5.920130729675293,0.7988040447235107,22.557754516601562,0.312744140625
C:\\Users\\hgm1g14\\Documents\\AI_Manipulation_Hackathon\\generated_images_flux\\31_normal.jpg,a portrait photo of a face,1.0,28.991512298583984,6.301855087280273,1.241388201713562,22.162588119506836,0.32373046875
C:\\Users\\hgm1g14\\Documents\\AI_Manipulation_Hackathon\\generated_images_flux\\31_unattractive.jpg,a portrait photo of a face,0.0,31.69746971130371,5.481073379516602,1.3903834819793701,22.065181732177734,0.314697265625
C:\\Users\\hgm1g14\\Documents\\AI_Manipulation_Hackathon\\generated_images_flux\\32_attractive.jpg,a portrait photo of a face,2.0,28.85388946533203,6.149336338043213,1.0593918561935425,22.312376022338867,0.326904296875
C:\\Users\\hgm1g14\\Documents\\AI_Manipulation_Hackathon\\generated_images_flux\\32_normal.jpg,a portrait photo of a face,1.0,29.31155014038086,5.856441497802734,1.0706738233566284,21.351856231689453,0.31103515625
C:\\Users\\hgm1g14\\Documents\\AI_Manipulation_Hackathon\\generated_images_flux\\32_unattractive.jpg,a portrait photo of a face,0.0,26.900226593017578,6.142372131347656,1.5866044759750366,19.933412551879883,0.3046875
C:\\Users\\hgm1g14\\Documents\\AI_Manipulation_Hackathon\\generated_images_flux\\33_attractive.jpg,a portrait photo of a face,2.0,26.539766311645508,5.857354640960693,0.8523527383804321,22.568214416503906,0.31298828125
C:\\Users\\hgm1g14\\Documents\\AI_Manipulation_Hackathon\\generated_images_flux\\33_normal.jpg,a portrait photo of a face,1.0,28.764379501342773,5.7993245124816895,1.1128907203674316,23.022703170776367,0.319580078125
C:\\Users\\hgm1g14\\Documents\\AI_Manipulation_Hackathon\\generated_images_flux\\33_unattractive.jpg,a portrait photo of a face,0.0,30.791545867919922,5.624791145324707,1.582834005355835,21.156145095825195,0.3037109375
C:\\Users\\hgm1g14\\Documents\\AI_Manipulation_Hackathon\\generated_images_flux\\34_attractive.jpg,a portrait photo of a face,2.0,29.104488372802734,6.449389457702637,0.8680441975593567,22.214052200317383,0.318115234375
C:\\Users\\hgm1g14\\Documents\\AI_Manipulation_Hackathon\\generated_images_flux\\34_normal.jpg,a portrait photo of a face,1.0,29.10796356201172,5.611349582672119,1.394666314125061,21.74817657470703,0.32470703125
C:\\Users\\hgm1g14\\Documents\\AI_Manipulation_Hackathon\\generated_images_flux\\34_unattractive.jpg,a portrait photo of a face,0.0,30.831918716430664,5.953474998474121,1.309572696685791,20.8073673248291,0.304931640625
C:\\Users\\hgm1g14\\Documents\\AI_Manipulation_Hackathon\\generated_images_flux\\35_attractive.jpg,a portrait photo of a face,2.0,29.254575729370117,6.151991844177246,1.2074308395385742,22.779598236083984,0.33349609375
C:\\Users\\hgm1g14\\Documents\\AI_Manipulation_Hackathon\\generated_images_flux\\35_normal.jpg,a portrait photo of a face,1.0,30.371028900146484,6.378535270690918,1.392138957977295,22.565908432006836,0.336669921875
C:\\Users\\hgm1g14\\Documents\\AI_Manipulation_Hackathon\\generated_images_flux\\35_unattractive.jpg,a portrait photo of a face,0.0,30.818870544433594,5.920468807220459,1.520540714263916,21.513805389404297,0.312255859375
C:\\Users\\hgm1g14\\Documents\\AI_Manipulation_Hackathon\\generated_images_flux\\36_attractive.jpg,a portrait photo of a face,2.0,29.38297462463379,5.805984973907471,0.7510907649993896,22.96000862121582,0.32080078125
C:\\Users\\hgm1g14\\Documents\\AI_Manipulation_Hackathon\\generated_images_flux\\36_normal.jpg,a portrait photo of a face,1.0,29.556455612182617,6.310241222381592,0.6498786211013794,22.051000595092773,0.302001953125
C:\\Users\\hgm1g14\\Documents\\AI_Manipulation_Hackathon\\generated_images_flux\\36_unattractive.jpg,a portrait photo of a face,0.0,31.109451293945312,5.898521423339844,1.3625314235687256,21.33001708984375,0.29345703125
C:\\Users\\hgm1g14\\Documents\\AI_Manipulation_Hackathon\\generated_images_flux\\37_attractive.jpg,a portrait photo of a face,2.0,28.57868003845215,6.537125587463379,1.2761839628219604,22.973602294921875,0.332275390625
C:\\Users\\hgm1g14\\Documents\\AI_Manipulation_Hackathon\\generated_images_flux\\37_normal.jpg,a portrait photo of a face,1.0,29.25962257385254,6.090982437133789,0.8434072732925415,21.441038131713867,0.31689453125
C:\\Users\\hgm1g14\\Documents\\AI_Manipulation_Hackathon\\generated_images_flux\\37_unattractive.jpg,a portrait photo of a face,0.0,31.27810287475586,6.539788246154785,1.3867591619491577,21.435733795166016,0.30224609375
C:\\Users\\hgm1g14\\Documents\\AI_Manipulation_Hackathon\\generated_images_flux\\38_attractive.jpg,a portrait photo of a face,2.0,28.828895568847656,6.400187015533447,1.37528395652771,22.86839485168457,0.3349609375
C:\\Users\\hgm1g14\\Documents\\AI_Manipulation_Hackathon\\generated_images_flux\\38_normal.jpg,a portrait photo of a face,1.0,27.342668533325195,5.391909599304199,1.7929861545562744,19.98123550415039,0.315673828125
C:\\Users\\hgm1g14\\Documents\\AI_Manipulation_Hackathon\\generated_images_flux\\38_unattractive.jpg,a portrait photo of a face,0.0,26.725011825561523,5.971180438995361,1.7087082862854004,20.067615509033203,0.305419921875
C:\\Users\\hgm1g14\\Documents\\AI_Manipulation_Hackathon\\generated_images_flux\\39_attractive.jpg,a portrait photo of a face,2.0,27.407991409301758,5.734207630157471,0.6690769195556641,22.607540130615234,0.3076171875
C:\\Users\\hgm1g14\\Documents\\AI_Manipulation_Hackathon\\generated_images_flux\\39_normal.jpg,a portrait photo of a face,1.0,29.764097213745117,5.669427871704102,1.4830366373062134,21.715917587280273,0.31201171875
C:\\Users\\hgm1g14\\Documents\\AI_Manipulation_Hackathon\\generated_images_flux\\39_unattractive.jpg,a portrait photo of a face,0.0,28.51007843017578,6.237239837646484,1.695968508720398,20.41524887084961,0.3095703125
C:\\Users\\hgm1g14\\Documents\\AI_Manipulation_Hackathon\\generated_images_flux\\3_attractive.jpg,a portrait photo of a face,2.0,28.739505767822266,6.1387763023376465,1.2451081275939941,22.54366111755371,0.31787109375
C:\\Users\\hgm1g14\\Documents\\AI_Manipulation_Hackathon\\generated_images_flux\\3_normal.jpg,a portrait photo of a face,1.0,28.901840209960938,6.091166019439697,1.5524632930755615,22.262405395507812,0.31640625
C:\\Users\\hgm1g14\\Documents\\AI_Manipulation_Hackathon\\generated_images_flux\\3_unattractive.jpg,a portrait photo of a face,0.0,28.951513290405273,5.784197807312012,1.7616794109344482,20.881790161132812,0.310302734375
C:\\Users\\hgm1g14\\Documents\\AI_Manipulation_Hackathon\\generated_images_flux\\40_attractive.jpg,a portrait photo of a face,2.0,29.006389617919922,6.458709239959717,1.2644232511520386,22.75535011291504,0.3388671875
C:\\Users\\hgm1g14\\Documents\\AI_Manipulation_Hackathon\\generated_images_flux\\40_normal.jpg,a portrait photo of a face,1.0,29.318370819091797,6.464598655700684,1.190230131149292,22.250303268432617,0.313720703125
C:\\Users\\hgm1g14\\Documents\\AI_Manipulation_Hackathon\\generated_images_flux\\40_unattractive.jpg,a portrait photo of a face,0.0,26.511991500854492,6.639132499694824,1.7876137495040894,20.46500587463379,0.30810546875
C:\\Users\\hgm1g14\\Documents\\AI_Manipulation_Hackathon\\generated_images_flux\\41_attractive.jpg,a portrait photo of a face,2.0,27.863454818725586,6.103625297546387,1.1938446760177612,22.35256576538086,0.30712890625
C:\\Users\\hgm1g14\\Documents\\AI_Manipulation_Hackathon\\generated_images_flux\\41_normal.jpg,a portrait photo of a face,1.0,27.782907485961914,5.948891639709473,0.8548941016197205,22.465312957763672,0.2998046875
C:\\Users\\hgm1g14\\Documents\\AI_Manipulation_Hackathon\\generated_images_flux\\41_unattractive.jpg,a portrait photo of a face,0.0,29.611644744873047,5.569051742553711,0.8265073299407959,21.986560821533203,0.2841796875
C:\\Users\\hgm1g14\\Documents\\AI_Manipulation_Hackathon\\generated_images_flux\\42_attractive.jpg,a portrait photo of a face,2.0,26.58881187438965,5.795190334320068,0.6589410305023193,22.47439956665039,0.294921875
C:\\Users\\hgm1g14\\Documents\\AI_Manipulation_Hackathon\\generated_images_flux\\42_normal.jpg,a portrait photo of a face,1.0,26.78690528869629,5.376588821411133,1.289137363433838,21.201507568359375,0.294921875
C:\\Users\\hgm1g14\\Documents\\AI_Manipulation_Hackathon\\generated_images_flux\\42_unattractive.jpg,a portrait photo of a face,0.0,28.273523330688477,5.966439723968506,1.5305018424987793,21.058385848999023,0.317138671875
C:\\Users\\hgm1g14\\Documents\\AI_Manipulation_Hackathon\\generated_images_flux\\43_attractive.jpg,a portrait photo of a face,2.0,28.026384353637695,6.173663139343262,0.8595641851425171,22.03899574279785,0.31689453125
C:\\Users\\hgm1g14\\Documents\\AI_Manipulation_Hackathon\\generated_images_flux\\43_normal.jpg,a portrait photo of a face,1.0,29.75168800354004,5.62912130355835,1.1987522840499878,21.369840621948242,0.32373046875
C:\\Users\\hgm1g14\\Documents\\AI_Manipulation_Hackathon\\generated_images_flux\\43_unattractive.jpg,a portrait photo of a face,0.0,30.646785736083984,6.1197509765625,1.3543519973754883,21.224668502807617,0.299560546875
C:\\Users\\hgm1g14\\Documents\\AI_Manipulation_Hackathon\\generated_images_flux\\44_attractive.jpg,a portrait photo of a face,2.0,28.772275924682617,6.143699645996094,1.2358428239822388,22.475543975830078,0.3212890625
C:\\Users\\hgm1g14\\Documents\\AI_Manipulation_Hackathon\\generated_images_flux\\44_normal.jpg,a portrait photo of a face,1.0,29.75565528869629,6.239419937133789,1.488861083984375,22.080963134765625,0.329345703125
C:\\Users\\hgm1g14\\Documents\\AI_Manipulation_Hackathon\\generated_images_flux\\44_unattractive.jpg,a portrait photo of a face,0.0,27.862926483154297,6.388561725616455,1.6057771444320679,19.87039566040039,0.293701171875
C:\\Users\\hgm1g14\\Documents\\AI_Manipulation_Hackathon\\generated_images_flux\\45_attractive.jpg,a portrait photo of a face,2.0,26.393238067626953,6.212212085723877,0.8999910354614258,21.990375518798828,0.318603515625
C:\\Users\\hgm1g14\\Documents\\AI_Manipulation_Hackathon\\generated_images_flux\\45_normal.jpg,a portrait photo of a face,1.0,28.071006774902344,6.220643997192383,1.4175387620925903,22.47292709350586,0.310791015625
C:\\Users\\hgm1g14\\Documents\\AI_Manipulation_Hackathon\\generated_images_flux\\45_unattractive.jpg,a portrait photo of a face,0.0,29.75434112548828,5.590545654296875,1.411863923072815,21.96086311340332,0.303466796875
C:\\Users\\hgm1g14\\Documents\\AI_Manipulation_Hackathon\\generated_images_flux\\46_attractive.jpg,a portrait photo of a face,2.0,28.527069091796875,6.264850616455078,1.3047115802764893,22.706789016723633,0.31884765625
C:\\Users\\hgm1g14\\Documents\\AI_Manipulation_Hackathon\\generated_images_flux\\46_normal.jpg,a portrait photo of a face,1.0,29.894866943359375,6.044694900512695,1.5561922788619995,22.95374298095703,0.330322265625
C:\\Users\\hgm1g14\\Documents\\AI_Manipulation_Hackathon\\generated_images_flux\\46_unattractive.jpg,a portrait photo of a face,0.0,31.436216354370117,5.899704456329346,1.613792896270752,22.070505142211914,0.30908203125
C:\\Users\\hgm1g14\\Documents\\AI_Manipulation_Hackathon\\generated_images_flux\\47_attractive.jpg,a portrait photo of a face,2.0,29.463825225830078,6.194474220275879,1.282323956489563,22.50870132446289,0.324462890625
C:\\Users\\hgm1g14\\Documents\\AI_Manipulation_Hackathon\\generated_images_flux\\47_normal.jpg,a portrait photo of a face,1.0,28.19054412841797,5.860868453979492,1.6353261470794678,22.56871223449707,0.3310546875
C:\\Users\\hgm1g14\\Documents\\AI_Manipulation_Hackathon\\generated_images_flux\\47_unattractive.jpg,a portrait photo of a face,0.0,29.657184600830078,5.529942035675049,1.5394835472106934,22.37810516357422,0.33203125
C:\\Users\\hgm1g14\\Documents\\AI_Manipulation_Hackathon\\generated_images_flux\\48_attractive.jpg,a portrait photo of a face,2.0,27.83350372314453,6.43295955657959,1.3254278898239136,22.84726905822754,0.335693359375
C:\\Users\\hgm1g14\\Documents\\AI_Manipulation_Hackathon\\generated_images_flux\\48_normal.jpg,a portrait photo of a face,1.0,28.55609703063965,5.996030807495117,1.5098240375518799,22.34807014465332,0.330322265625
C:\\Users\\hgm1g14\\Documents\\AI_Manipulation_Hackathon\\generated_images_flux\\48_unattractive.jpg,a portrait photo of a face,0.0,29.239702224731445,6.173959732055664,1.6294746398925781,21.459964752197266,0.3232421875
C:\\Users\\hgm1g14\\Documents\\AI_Manipulation_Hackathon\\generated_images_flux\\49_attractive.jpg,a portrait photo of a face,2.0,29.414690017700195,6.106599807739258,0.8948497772216797,22.645751953125,0.330810546875
C:\\Users\\hgm1g14\\Documents\\AI_Manipulation_Hackathon\\generated_images_flux\\49_normal.jpg,a portrait photo of a face,1.0,31.25110626220703,6.0748443603515625,1.4577927589416504,21.920623779296875,0.318115234375
C:\\Users\\hgm1g14\\Documents\\AI_Manipulation_Hackathon\\generated_images_flux\\49_unattractive.jpg,a portrait photo of a face,0.0,31.828521728515625,6.3332929611206055,1.042920708656311,21.557573318481445,0.30419921875
C:\\Users\\hgm1g14\\Documents\\AI_Manipulation_Hackathon\\generated_images_flux\\4_attractive.jpg,a portrait photo of a face,2.0,28.393936157226562,5.417702674865723,0.9786585569381714,22.73794174194336,0.31591796875
C:\\Users\\hgm1g14\\Documents\\AI_Manipulation_Hackathon\\generated_images_flux\\4_normal.jpg,a portrait photo of a face,1.0,29.986825942993164,6.182692527770996,1.48953378200531,22.128507614135742,0.32177734375
C:\\Users\\hgm1g14\\Documents\\AI_Manipulation_Hackathon\\generated_images_flux\\4_unattractive.jpg,a portrait photo of a face,0.0,31.005626678466797,5.884478569030762,1.5166670083999634,21.699363708496094,0.326904296875
C:\\Users\\hgm1g14\\Documents\\AI_Manipulation_Hackathon\\generated_images_flux\\50_attractive.jpg,a portrait photo of a face,2.0,29.49799346923828,6.657082557678223,1.0582776069641113,22.560619354248047,0.326416015625
C:\\Users\\hgm1g14\\Documents\\AI_Manipulation_Hackathon\\generated_images_flux\\50_normal.jpg,a portrait photo of a face,1.0,28.463428497314453,5.5519256591796875,1.4175626039505005,22.399391174316406,0.325439453125
C:\\Users\\hgm1g14\\Documents\\AI_Manipulation_Hackathon\\generated_images_flux\\50_unattractive.jpg,a portrait photo of a face,0.0,29.422765731811523,4.9402570724487305,1.5946565866470337,20.59908103942871,0.297607421875
C:\\Users\\hgm1g14\\Documents\\AI_Manipulation_Hackathon\\generated_images_flux\\51_attractive.jpg,a portrait photo of a face,2.0,29.48666000366211,6.171409606933594,1.1223859786987305,22.298419952392578,0.326416015625
C:\\Users\\hgm1g14\\Documents\\AI_Manipulation_Hackathon\\generated_images_flux\\51_normal.jpg,a portrait photo of a face,1.0,29.085155487060547,6.413182735443115,1.2835756540298462,21.631208419799805,0.32421875
C:\\Users\\hgm1g14\\Documents\\AI_Manipulation_Hackathon\\generated_images_flux\\51_unattractive.jpg,a portrait photo of a face,0.0,31.46608543395996,6.576204299926758,1.2195580005645752,20.713787078857422,0.30126953125
C:\\Users\\hgm1g14\\Documents\\AI_Manipulation_Hackathon\\generated_images_flux\\52_attractive.jpg,a portrait photo of a face,2.0,27.677900314331055,5.793377876281738,0.9602749347686768,22.492774963378906,0.3203125
C:\\Users\\hgm1g14\\Documents\\AI_Manipulation_Hackathon\\generated_images_flux\\52_normal.jpg,a portrait photo of a face,1.0,29.37382698059082,6.401270866394043,1.5628060102462769,22.058149337768555,0.327392578125
C:\\Users\\hgm1g14\\Documents\\AI_Manipulation_Hackathon\\generated_images_flux\\52_unattractive.jpg,a portrait photo of a face,0.0,27.552377700805664,6.444083213806152,1.7527650594711304,20.25433349609375,0.31494140625
C:\\Users\\hgm1g14\\Documents\\AI_Manipulation_Hackathon\\generated_images_flux\\53_attractive.jpg,a portrait photo of a face,2.0,29.06728172302246,6.262762069702148,1.0343879461288452,22.569347381591797,0.323974609375
C:\\Users\\hgm1g14\\Documents\\AI_Manipulation_Hackathon\\generated_images_flux\\53_normal.jpg,a portrait photo of a face,1.0,31.08978271484375,5.752230644226074,1.3856678009033203,22.468534469604492,0.32080078125
C:\\Users\\hgm1g14\\Documents\\AI_Manipulation_Hackathon\\generated_images_flux\\53_unattractive.jpg,a portrait photo of a face,0.0,31.266096115112305,5.934886932373047,1.5011670589447021,22.248291015625,0.320556640625
C:\\Users\\hgm1g14\\Documents\\AI_Manipulation_Hackathon\\generated_images_flux\\54_attractive.jpg,a portrait photo of a face,2.0,29.78462028503418,6.703680038452148,1.2148197889328003,22.82210922241211,0.3369140625
C:\\Users\\hgm1g14\\Documents\\AI_Manipulation_Hackathon\\generated_images_flux\\54_normal.jpg,a portrait photo of a face,1.0,29.967439651489258,6.470942974090576,1.4061017036437988,21.933252334594727,0.326904296875
C:\\Users\\hgm1g14\\Documents\\AI_Manipulation_Hackathon\\generated_images_flux\\54_unattractive.jpg,a portrait photo of a face,0.0,29.682218551635742,6.181767463684082,1.575667142868042,20.857402801513672,0.29931640625
C:\\Users\\hgm1g14\\Documents\\AI_Manipulation_Hackathon\\generated_images_flux\\55_attractive.jpg,a portrait photo of a face,2.0,26.603317260742188,6.107064247131348,1.1393529176712036,22.754924774169922,0.317138671875
C:\\Users\\hgm1g14\\Documents\\AI_Manipulation_Hackathon\\generated_images_flux\\55_normal.jpg,a portrait photo of a face,1.0,29.206865310668945,6.3866729736328125,1.6602357625961304,22.566181182861328,0.3369140625
C:\\Users\\hgm1g14\\Documents\\AI_Manipulation_Hackathon\\generated_images_flux\\55_unattractive.jpg,a portrait photo of a face,0.0,30.221710205078125,5.999267101287842,1.6540607213974,20.990076065063477,0.300048828125
C:\\Users\\hgm1g14\\Documents\\AI_Manipulation_Hackathon\\generated_images_flux\\56_attractive.jpg,a portrait photo of a face,2.0,27.433834075927734,6.4514665603637695,1.249709963798523,22.353683471679688,0.319091796875
C:\\Users\\hgm1g14\\Documents\\AI_Manipulation_Hackathon\\generated_images_flux\\56_normal.jpg,a portrait photo of a face,1.0,29.27115249633789,5.904425621032715,1.572845458984375,20.762306213378906,0.29345703125
C:\\Users\\hgm1g14\\Documents\\AI_Manipulation_Hackathon\\generated_images_flux\\56_unattractive.jpg,a portrait photo of a face,0.0,30.27545738220215,5.976555824279785,1.579467535018921,20.726606369018555,0.278564453125
C:\\Users\\hgm1g14\\Documents\\AI_Manipulation_Hackathon\\generated_images_flux\\57_attractive.jpg,a portrait photo of a face,2.0,29.082054138183594,6.171684265136719,1.313156008720398,22.810405731201172,0.328857421875
C:\\Users\\hgm1g14\\Documents\\AI_Manipulation_Hackathon\\generated_images_flux\\57_normal.jpg,a portrait photo of a face,1.0,29.92455291748047,6.0767130851745605,1.2199406623840332,22.321218490600586,0.322509765625
C:\\Users\\hgm1g14\\Documents\\AI_Manipulation_Hackathon\\generated_images_flux\\57_unattractive.jpg,a portrait photo of a face,0.0,32.20211410522461,6.211606025695801,1.151934027671814,21.889450073242188,0.320556640625
C:\\Users\\hgm1g14\\Documents\\AI_Manipulation_Hackathon\\generated_images_flux\\58_attractive.jpg,a portrait photo of a face,2.0,28.250429153442383,6.460090637207031,1.418818473815918,22.467802047729492,0.3271484375
C:\\Users\\hgm1g14\\Documents\\AI_Manipulation_Hackathon\\generated_images_flux\\58_normal.jpg,a portrait photo of a face,1.0,31.15302848815918,6.523432731628418,0.9876511096954346,22.323514938354492,0.319580078125
C:\\Users\\hgm1g14\\Documents\\AI_Manipulation_Hackathon\\generated_images_flux\\58_unattractive.jpg,a portrait photo of a face,0.0,31.164819717407227,6.153853416442871,1.130068302154541,21.410884857177734,0.3076171875
C:\\Users\\hgm1g14\\Documents\\AI_Manipulation_Hackathon\\generated_images_flux\\59_attractive.jpg,a portrait photo of a face,2.0,29.811010360717773,6.467244625091553,1.3784641027450562,22.459157943725586,0.331298828125
C:\\Users\\hgm1g14\\Documents\\AI_Manipulation_Hackathon\\generated_images_flux\\59_normal.jpg,a portrait photo of a face,1.0,30.024089813232422,6.083614826202393,0.9196699261665344,21.35466194152832,0.32861328125
C:\\Users\\hgm1g14\\Documents\\AI_Manipulation_Hackathon\\generated_images_flux\\59_unattractive.jpg,a portrait photo of a face,0.0,28.235620498657227,6.833868026733398,0.9693106412887573,20.236156463623047,0.293701171875
C:\\Users\\hgm1g14\\Documents\\AI_Manipulation_Hackathon\\generated_images_flux\\5_attractive.jpg,a portrait photo of a face,2.0,29.767385482788086,6.362776279449463,0.9518383145332336,22.876087188720703,0.32568359375
C:\\Users\\hgm1g14\\Documents\\AI_Manipulation_Hackathon\\generated_images_flux\\5_normal.jpg,a portrait photo of a face,1.0,27.776769638061523,6.481632232666016,1.7353490591049194,20.453235626220703,0.32275390625
C:\\Users\\hgm1g14\\Documents\\AI_Manipulation_Hackathon\\generated_images_flux\\5_unattractive.jpg,a portrait photo of a face,0.0,29.361339569091797,6.4007158279418945,1.665967583656311,20.42609977722168,0.31396484375
C:\\Users\\hgm1g14\\Documents\\AI_Manipulation_Hackathon\\generated_images_flux\\60_attractive.jpg,a portrait photo of a face,2.0,29.66552734375,5.972844123840332,0.7623551487922668,22.424360275268555,0.327392578125
C:\\Users\\hgm1g14\\Documents\\AI_Manipulation_Hackathon\\generated_images_flux\\60_normal.jpg,a portrait photo of a face,1.0,27.380189895629883,6.182010173797607,1.0312621593475342,21.357248306274414,0.319091796875
C:\\Users\\hgm1g14\\Documents\\AI_Manipulation_Hackathon\\generated_images_flux\\60_unattractive.jpg,a portrait photo of a face,0.0,28.549217224121094,6.269301414489746,1.734182357788086,19.85797691345215,0.30908203125
C:\\Users\\hgm1g14\\Documents\\AI_Manipulation_Hackathon\\generated_images_flux\\61_attractive.jpg,a portrait photo of a face,2.0,26.567115783691406,5.639817237854004,0.6376720666885376,22.3216609954834,0.302001953125
C:\\Users\\hgm1g14\\Documents\\AI_Manipulation_Hackathon\\generated_images_flux\\61_normal.jpg,a portrait photo of a face,1.0,31.372272491455078,6.127769470214844,1.3337162733078003,22.2469539642334,0.31494140625
C:\\Users\\hgm1g14\\Documents\\AI_Manipulation_Hackathon\\generated_images_flux\\61_unattractive.jpg,a portrait photo of a face,0.0,27.694204330444336,5.662659168243408,1.0908417701721191,20.69293975830078,0.277587890625
C:\\Users\\hgm1g14\\Documents\\AI_Manipulation_Hackathon\\generated_images_flux\\62_attractive.jpg,a portrait photo of a face,2.0,29.039737701416016,6.387948989868164,1.082042932510376,22.65062713623047,0.32373046875
C:\\Users\\hgm1g14\\Documents\\AI_Manipulation_Hackathon\\generated_images_flux\\62_normal.jpg,a portrait photo of a face,1.0,29.696720123291016,6.2908830642700195,1.2399922609329224,22.01287269592285,0.326171875
C:\\Users\\hgm1g14\\Documents\\AI_Manipulation_Hackathon\\generated_images_flux\\62_unattractive.jpg,a portrait photo of a face,0.0,30.127399444580078,5.573800086975098,1.3320558071136475,21.939308166503906,0.31982421875
C:\\Users\\hgm1g14\\Documents\\AI_Manipulation_Hackathon\\generated_images_flux\\63_attractive.jpg,a portrait photo of a face,2.0,28.24182891845703,6.26523494720459,0.8768341541290283,22.304344177246094,0.31640625
C:\\Users\\hgm1g14\\Documents\\AI_Manipulation_Hackathon\\generated_images_flux\\63_normal.jpg,a portrait photo of a face,1.0,28.32084846496582,5.975211143493652,1.7089046239852905,22.70440101623535,0.330078125
C:\\Users\\hgm1g14\\Documents\\AI_Manipulation_Hackathon\\generated_images_flux\\63_unattractive.jpg,a portrait photo of a face,0.0,26.949378967285156,6.19120454788208,0.8721103072166443,21.099332809448242,0.2783203125
C:\\Users\\hgm1g14\\Documents\\AI_Manipulation_Hackathon\\generated_images_flux\\64_attractive.jpg,a portrait photo of a face,2.0,29.619800567626953,6.319467067718506,0.7419381141662598,21.709585189819336,0.3203125
C:\\Users\\hgm1g14\\Documents\\AI_Manipulation_Hackathon\\generated_images_flux\\64_normal.jpg,a portrait photo of a face,1.0,29.52467155456543,5.786252975463867,0.7044607400894165,21.379640579223633,0.3134765625
C:\\Users\\hgm1g14\\Documents\\AI_Manipulation_Hackathon\\generated_images_flux\\64_unattractive.jpg,a portrait photo of a face,0.0,28.510231018066406,6.5261430740356445,1.7058442831039429,19.973506927490234,0.30126953125
C:\\Users\\hgm1g14\\Documents\\AI_Manipulation_Hackathon\\generated_images_flux\\65_attractive.jpg,a portrait photo of a face,2.0,29.527259826660156,5.705428123474121,1.239673376083374,23.093116760253906,0.334228515625
C:\\Users\\hgm1g14\\Documents\\AI_Manipulation_Hackathon\\generated_images_flux\\65_normal.jpg,a portrait photo of a face,1.0,30.60932159423828,5.94059944152832,1.2653172016143799,22.36312484741211,0.320068359375
C:\\Users\\hgm1g14\\Documents\\AI_Manipulation_Hackathon\\generated_images_flux\\65_unattractive.jpg,a portrait photo of a face,0.0,31.5100154876709,5.844399929046631,1.3330358266830444,21.772972106933594,0.307861328125
C:\\Users\\hgm1g14\\Documents\\AI_Manipulation_Hackathon\\generated_images_flux\\66_attractive.jpg,a portrait photo of a face,2.0,28.976425170898438,6.468713283538818,1.2316484451293945,22.972820281982422,0.33544921875
C:\\Users\\hgm1g14\\Documents\\AI_Manipulation_Hackathon\\generated_images_flux\\66_normal.jpg,a portrait photo of a face,1.0,29.915088653564453,5.621849060058594,1.076308012008667,22.348369598388672,0.3388671875
C:\\Users\\hgm1g14\\Documents\\AI_Manipulation_Hackathon\\generated_images_flux\\66_unattractive.jpg,a portrait photo of a face,0.0,29.984743118286133,6.073789596557617,0.879932165145874,21.132476806640625,0.31103515625
C:\\Users\\hgm1g14\\Documents\\AI_Manipulation_Hackathon\\generated_images_flux\\67_attractive.jpg,a portrait photo of a face,2.0,29.248821258544922,6.309175491333008,1.1431654691696167,22.707130432128906,0.322998046875
C:\\Users\\hgm1g14\\Documents\\AI_Manipulation_Hackathon\\generated_images_flux\\67_normal.jpg,a portrait photo of a face,1.0,29.377805709838867,5.957149028778076,0.9250171184539795,22.572233200073242,0.314208984375
C:\\Users\\hgm1g14\\Documents\\AI_Manipulation_Hackathon\\generated_images_flux\\67_unattractive.jpg,a portrait photo of a face,0.0,30.956026077270508,6.1268205642700195,1.2424867153167725,21.32183265686035,0.29345703125
C:\\Users\\hgm1g14\\Documents\\AI_Manipulation_Hackathon\\generated_images_flux\\68_attractive.jpg,a portrait photo of a face,2.0,28.39084815979004,6.659884452819824,1.2823967933654785,22.65293312072754,0.3291015625
C:\\Users\\hgm1g14\\Documents\\AI_Manipulation_Hackathon\\generated_images_flux\\68_normal.jpg,a portrait photo of a face,1.0,28.6137638092041,6.134562015533447,1.6502301692962646,22.842689514160156,0.34326171875
C:\\Users\\hgm1g14\\Documents\\AI_Manipulation_Hackathon\\generated_images_flux\\68_unattractive.jpg,a portrait photo of a face,0.0,26.810943603515625,5.957845687866211,1.4877281188964844,21.59079360961914,0.307861328125
C:\\Users\\hgm1g14\\Documents\\AI_Manipulation_Hackathon\\generated_images_flux\\69_attractive.jpg,a portrait photo of a face,2.0,28.359811782836914,6.375551223754883,1.0674023628234863,22.085519790649414,0.323974609375
C:\\Users\\hgm1g14\\Documents\\AI_Manipulation_Hackathon\\generated_images_flux\\69_normal.jpg,a portrait photo of a face,1.0,29.726337432861328,6.064201831817627,1.0288569927215576,21.6219425201416,0.32177734375
C:\\Users\\hgm1g14\\Documents\\AI_Manipulation_Hackathon\\generated_images_flux\\69_unattractive.jpg,a portrait photo of a face,0.0,32.10771560668945,5.9361419677734375,1.1195273399353027,21.15899085998535,0.321044921875
C:\\Users\\hgm1g14\\Documents\\AI_Manipulation_Hackathon\\generated_images_flux\\6_attractive.jpg,a portrait photo of a face,2.0,27.317338943481445,5.699648857116699,0.8353043794631958,22.298620223999023,0.30810546875
C:\\Users\\hgm1g14\\Documents\\AI_Manipulation_Hackathon\\generated_images_flux\\6_normal.jpg,a portrait photo of a face,1.0,30.215633392333984,5.2923126220703125,1.6653170585632324,21.52519989013672,0.306396484375
C:\\Users\\hgm1g14\\Documents\\AI_Manipulation_Hackathon\\generated_images_flux\\6_unattractive.jpg,a portrait photo of a face,0.0,28.389284133911133,6.125043869018555,1.6411603689193726,20.77935218811035,0.321044921875
C:\\Users\\hgm1g14\\Documents\\AI_Manipulation_Hackathon\\generated_images_flux\\70_attractive.jpg,a portrait photo of a face,2.0,27.48478126525879,6.426749229431152,1.4272241592407227,22.312623977661133,0.31640625
C:\\Users\\hgm1g14\\Documents\\AI_Manipulation_Hackathon\\generated_images_flux\\70_normal.jpg,a portrait photo of a face,1.0,29.36750030517578,5.774637222290039,1.6809104681015015,22.72398567199707,0.34033203125
C:\\Users\\hgm1g14\\Documents\\AI_Manipulation_Hackathon\\generated_images_flux\\70_unattractive.jpg,a portrait photo of a face,0.0,28.895191192626953,5.747791290283203,1.7128106355667114,21.0452823638916,0.316162109375
C:\\Users\\hgm1g14\\Documents\\AI_Manipulation_Hackathon\\generated_images_flux\\71_attractive.jpg,a portrait photo of a face,2.0,29.33511734008789,6.591382026672363,1.3765963315963745,22.88425636291504,0.336669921875
C:\\Users\\hgm1g14\\Documents\\AI_Manipulation_Hackathon\\generated_images_flux\\71_normal.jpg,a portrait photo of a face,1.0,30.05463218688965,6.104079246520996,1.4789870977401733,21.80396270751953,0.32958984375
C:\\Users\\hgm1g14\\Documents\\AI_Manipulation_Hackathon\\generated_images_flux\\71_unattractive.jpg,a portrait photo of a face,0.0,29.724353790283203,5.658280849456787,1.6750211715698242,20.967559814453125,0.31103515625
C:\\Users\\hgm1g14\\Documents\\AI_Manipulation_Hackathon\\generated_images_flux\\72_attractive.jpg,a portrait photo of a face,2.0,27.434707641601562,5.659128189086914,0.9901247024536133,22.588092803955078,0.3076171875
C:\\Users\\hgm1g14\\Documents\\AI_Manipulation_Hackathon\\generated_images_flux\\72_normal.jpg,a portrait photo of a face,1.0,28.085596084594727,6.076664447784424,0.6855354309082031,22.306941986083984,0.29296875
C:\\Users\\hgm1g14\\Documents\\AI_Manipulation_Hackathon\\generated_images_flux\\72_unattractive.jpg,a portrait photo of a face,0.0,29.472267150878906,5.129035949707031,1.0482416152954102,20.64939308166504,0.282470703125
C:\\Users\\hgm1g14\\Documents\\AI_Manipulation_Hackathon\\generated_images_flux\\73_attractive.jpg,a portrait photo of a face,2.0,28.697147369384766,6.486291408538818,1.5698423385620117,22.476289749145508,0.337646484375
C:\\Users\\hgm1g14\\Documents\\AI_Manipulation_Hackathon\\generated_images_flux\\73_normal.jpg,a portrait photo of a face,1.0,28.8170166015625,6.196728229522705,1.4222050905227661,21.472980499267578,0.315673828125
C:\\Users\\hgm1g14\\Documents\\AI_Manipulation_Hackathon\\generated_images_flux\\73_unattractive.jpg,a portrait photo of a face,0.0,29.40390396118164,6.309948921203613,1.2717335224151611,20.715166091918945,0.293212890625
C:\\Users\\hgm1g14\\Documents\\AI_Manipulation_Hackathon\\generated_images_flux\\74_attractive.jpg,a portrait photo of a face,2.0,26.088350296020508,5.771419525146484,0.9597272276878357,22.735275268554688,0.31787109375
C:\\Users\\hgm1g14\\Documents\\AI_Manipulation_Hackathon\\generated_images_flux\\74_normal.jpg,a portrait photo of a face,1.0,28.058353424072266,5.543544769287109,0.9952651858329773,21.90861701965332,0.28173828125
C:\\Users\\hgm1g14\\Documents\\AI_Manipulation_Hackathon\\generated_images_flux\\74_unattractive.jpg,a portrait photo of a face,0.0,29.73155403137207,5.48402214050293,1.6323649883270264,21.675752639770508,0.306640625
C:\\Users\\hgm1g14\\Documents\\AI_Manipulation_Hackathon\\generated_images_flux\\75_attractive.jpg,a portrait photo of a face,2.0,27.266916275024414,5.640427112579346,0.6178380846977234,22.353546142578125,0.30908203125
C:\\Users\\hgm1g14\\Documents\\AI_Manipulation_Hackathon\\generated_images_flux\\75_normal.jpg,a portrait photo of a face,1.0,29.840564727783203,5.470048904418945,1.0931503772735596,22.49827003479004,0.31884765625
C:\\Users\\hgm1g14\\Documents\\AI_Manipulation_Hackathon\\generated_images_flux\\75_unattractive.jpg,a portrait photo of a face,0.0,29.606203079223633,5.496480464935303,1.2409809827804565,20.715761184692383,0.27197265625
C:\\Users\\hgm1g14\\Documents\\AI_Manipulation_Hackathon\\generated_images_flux\\76_attractive.jpg,a portrait photo of a face,2.0,29.928842544555664,6.381939888000488,1.353082537651062,22.66335105895996,0.32861328125
C:\\Users\\hgm1g14\\Documents\\AI_Manipulation_Hackathon\\generated_images_flux\\76_normal.jpg,a portrait photo of a face,1.0,30.268836975097656,5.937699317932129,1.33103346824646,22.579072952270508,0.331787109375
C:\\Users\\hgm1g14\\Documents\\AI_Manipulation_Hackathon\\generated_images_flux\\76_unattractive.jpg,a portrait photo of a face,0.0,31.422719955444336,6.073147296905518,1.5800710916519165,21.962135314941406,0.309326171875
C:\\Users\\hgm1g14\\Documents\\AI_Manipulation_Hackathon\\generated_images_flux\\77_attractive.jpg,a portrait photo of a face,2.0,27.155742645263672,5.84514856338501,1.028031349182129,22.638856887817383,0.31982421875
C:\\Users\\hgm1g14\\Documents\\AI_Manipulation_Hackathon\\generated_images_flux\\77_normal.jpg,a portrait photo of a face,1.0,29.895719528198242,5.992092132568359,1.5983954668045044,22.340238571166992,0.33447265625
C:\\Users\\hgm1g14\\Documents\\AI_Manipulation_Hackathon\\generated_images_flux\\77_unattractive.jpg,a portrait photo of a face,0.0,28.754741668701172,6.296172142028809,1.5003007650375366,20.782629013061523,0.31884765625
C:\\Users\\hgm1g14\\Documents\\AI_Manipulation_Hackathon\\generated_images_flux\\78_attractive.jpg,a portrait photo of a face,2.0,27.40817642211914,6.447956085205078,1.4271247386932373,22.65011978149414,0.32763671875
C:\\Users\\hgm1g14\\Documents\\AI_Manipulation_Hackathon\\generated_images_flux\\78_normal.jpg,a portrait photo of a face,1.0,24.672800064086914,6.213768005371094,1.7801605463027954,20.131938934326172,0.2998046875
C:\\Users\\hgm1g14\\Documents\\AI_Manipulation_Hackathon\\generated_images_flux\\78_unattractive.jpg,a portrait photo of a face,0.0,24.191646575927734,6.519989490509033,1.7543319463729858,20.127277374267578,0.290283203125
C:\\Users\\hgm1g14\\Documents\\AI_Manipulation_Hackathon\\generated_images_flux\\79_attractive.jpg,a portrait photo of a face,2.0,29.080598831176758,6.518240928649902,1.0895463228225708,22.834186553955078,0.326904296875
C:\\Users\\hgm1g14\\Documents\\AI_Manipulation_Hackathon\\generated_images_flux\\79_normal.jpg,a portrait photo of a face,1.0,27.489700317382812,6.259756088256836,0.8968674540519714,20.711824417114258,0.288818359375
C:\\Users\\hgm1g14\\Documents\\AI_Manipulation_Hackathon\\generated_images_flux\\79_unattractive.jpg,a portrait photo of a face,0.0,27.91683006286621,6.03297758102417,1.5558706521987915,20.870607376098633,0.31982421875
C:\\Users\\hgm1g14\\Documents\\AI_Manipulation_Hackathon\\generated_images_flux\\7_attractive.jpg,a portrait photo of a face,2.0,28.147584915161133,5.524354457855225,0.10503802448511124,21.968435287475586,0.29345703125
C:\\Users\\hgm1g14\\Documents\\AI_Manipulation_Hackathon\\generated_images_flux\\7_normal.jpg,a portrait photo of a face,1.0,29.096078872680664,5.89921236038208,0.6240233778953552,22.418987274169922,0.303466796875
C:\\Users\\hgm1g14\\Documents\\AI_Manipulation_Hackathon\\generated_images_flux\\7_unattractive.jpg,a portrait photo of a face,0.0,27.633630752563477,5.395292282104492,1.4541585445404053,21.045000076293945,0.291259765625
C:\\Users\\hgm1g14\\Documents\\AI_Manipulation_Hackathon\\generated_images_flux\\80_attractive.jpg,a portrait photo of a face,2.0,28.603004455566406,5.929018020629883,0.8114997744560242,22.038345336914062,0.31787109375
C:\\Users\\hgm1g14\\Documents\\AI_Manipulation_Hackathon\\generated_images_flux\\80_normal.jpg,a portrait photo of a face,1.0,29.78166389465332,6.223154067993164,1.2575669288635254,21.133943557739258,0.307861328125
C:\\Users\\hgm1g14\\Documents\\AI_Manipulation_Hackathon\\generated_images_flux\\80_unattractive.jpg,a portrait photo of a face,0.0,27.883323669433594,6.322422027587891,1.7181510925292969,20.03093910217285,0.320556640625
C:\\Users\\hgm1g14\\Documents\\AI_Manipulation_Hackathon\\generated_images_flux\\81_attractive.jpg,a portrait photo of a face,2.0,26.94633674621582,6.1163434982299805,0.8653075695037842,22.799518585205078,0.3212890625
C:\\Users\\hgm1g14\\Documents\\AI_Manipulation_Hackathon\\generated_images_flux\\81_normal.jpg,a portrait photo of a face,1.0,29.174009323120117,5.835627555847168,0.9721763730049133,21.898935317993164,0.2998046875
C:\\Users\\hgm1g14\\Documents\\AI_Manipulation_Hackathon\\generated_images_flux\\81_unattractive.jpg,a portrait photo of a face,0.0,30.609312057495117,5.9159698486328125,1.3381450176239014,21.445680618286133,0.3125
C:\\Users\\hgm1g14\\Documents\\AI_Manipulation_Hackathon\\generated_images_flux\\82_attractive.jpg,a portrait photo of a face,2.0,28.961669921875,6.445900917053223,1.1466854810714722,22.546083450317383,0.3330078125
C:\\Users\\hgm1g14\\Documents\\AI_Manipulation_Hackathon\\generated_images_flux\\82_normal.jpg,a portrait photo of a face,1.0,29.196897506713867,5.810765266418457,1.2333117723464966,22.289398193359375,0.329833984375
C:\\Users\\hgm1g14\\Documents\\AI_Manipulation_Hackathon\\generated_images_flux\\82_unattractive.jpg,a portrait photo of a face,0.0,30.346656799316406,5.99825382232666,1.331178069114685,21.68903160095215,0.31884765625
C:\\Users\\hgm1g14\\Documents\\AI_Manipulation_Hackathon\\generated_images_flux\\83_attractive.jpg,a portrait photo of a face,2.0,26.596128463745117,5.97973108291626,0.7599099278450012,22.29230308532715,0.31201171875
C:\\Users\\hgm1g14\\Documents\\AI_Manipulation_Hackathon\\generated_images_flux\\83_normal.jpg,a portrait photo of a face,1.0,28.820293426513672,6.349508285522461,0.6872774362564087,21.498701095581055,0.316162109375
C:\\Users\\hgm1g14\\Documents\\AI_Manipulation_Hackathon\\generated_images_flux\\83_unattractive.jpg,a portrait photo of a face,0.0,30.300825119018555,6.460768699645996,1.55354905128479,21.657684326171875,0.30078125
C:\\Users\\hgm1g14\\Documents\\AI_Manipulation_Hackathon\\generated_images_flux\\84_attractive.jpg,a portrait photo of a face,2.0,29.53363037109375,6.650121688842773,1.3589084148406982,22.53255844116211,0.33447265625
C:\\Users\\hgm1g14\\Documents\\AI_Manipulation_Hackathon\\generated_images_flux\\84_normal.jpg,a portrait photo of a face,1.0,28.733612060546875,5.974800109863281,1.2351783514022827,21.063465118408203,0.305419921875
C:\\Users\\hgm1g14\\Documents\\AI_Manipulation_Hackathon\\generated_images_flux\\84_unattractive.jpg,a portrait photo of a face,0.0,30.042743682861328,5.8244242668151855,1.1788643598556519,21.412254333496094,0.296875
C:\\Users\\hgm1g14\\Documents\\AI_Manipulation_Hackathon\\generated_images_flux\\85_attractive.jpg,a portrait photo of a face,2.0,27.530908584594727,6.00385046005249,1.157246470451355,22.37204360961914,0.31201171875
C:\\Users\\hgm1g14\\Documents\\AI_Manipulation_Hackathon\\generated_images_flux\\85_normal.jpg,a portrait photo of a face,1.0,27.850505828857422,6.161440849304199,1.3176714181900024,22.164514541625977,0.32373046875
C:\\Users\\hgm1g14\\Documents\\AI_Manipulation_Hackathon\\generated_images_flux\\85_unattractive.jpg,a portrait photo of a face,0.0,31.134483337402344,5.948451042175293,1.4719460010528564,21.273948669433594,0.302001953125
C:\\Users\\hgm1g14\\Documents\\AI_Manipulation_Hackathon\\generated_images_flux\\86_attractive.jpg,a portrait photo of a face,2.0,26.642131805419922,5.947503566741943,0.9170529842376709,22.564971923828125,0.315673828125
C:\\Users\\hgm1g14\\Documents\\AI_Manipulation_Hackathon\\generated_images_flux\\86_normal.jpg,a portrait photo of a face,1.0,29.593339920043945,5.6751790046691895,1.6544020175933838,22.558839797973633,0.327392578125
C:\\Users\\hgm1g14\\Documents\\AI_Manipulation_Hackathon\\generated_images_flux\\86_unattractive.jpg,a portrait photo of a face,0.0,28.711286544799805,5.502519607543945,1.6165740489959717,21.285240173339844,0.316650390625
C:\\Users\\hgm1g14\\Documents\\AI_Manipulation_Hackathon\\generated_images_flux\\87_attractive.jpg,a portrait photo of a face,2.0,27.675474166870117,6.339308261871338,1.4928311109542847,23.018239974975586,0.32470703125
C:\\Users\\hgm1g14\\Documents\\AI_Manipulation_Hackathon\\generated_images_flux\\87_normal.jpg,a portrait photo of a face,1.0,31.542821884155273,6.191747665405273,1.562866449356079,22.680341720581055,0.328857421875
C:\\Users\\hgm1g14\\Documents\\AI_Manipulation_Hackathon\\generated_images_flux\\87_unattractive.jpg,a portrait photo of a face,0.0,30.927974700927734,5.743109703063965,1.6127398014068604,21.88486671447754,0.3134765625
C:\\Users\\hgm1g14\\Documents\\AI_Manipulation_Hackathon\\generated_images_flux\\88_attractive.jpg,a portrait photo of a face,2.0,27.445148468017578,6.188115119934082,1.2628265619277954,22.991329193115234,0.326171875
C:\\Users\\hgm1g14\\Documents\\AI_Manipulation_Hackathon\\generated_images_flux\\88_normal.jpg,a portrait photo of a face,1.0,29.713905334472656,6.210722923278809,1.4030920267105103,22.50026512145996,0.328369140625
C:\\Users\\hgm1g14\\Documents\\AI_Manipulation_Hackathon\\generated_images_flux\\88_unattractive.jpg,a portrait photo of a face,0.0,29.312833786010742,5.795303821563721,1.624843955039978,22.30991554260254,0.320556640625
C:\\Users\\hgm1g14\\Documents\\AI_Manipulation_Hackathon\\generated_images_flux\\89_attractive.jpg,a portrait photo of a face,2.0,28.079965591430664,6.364789009094238,1.094436764717102,22.36600112915039,0.3212890625
C:\\Users\\hgm1g14\\Documents\\AI_Manipulation_Hackathon\\generated_images_flux\\89_normal.jpg,a portrait photo of a face,1.0,29.506778717041016,5.89394474029541,1.4304604530334473,23.00670623779297,0.32861328125
C:\\Users\\hgm1g14\\Documents\\AI_Manipulation_Hackathon\\generated_images_flux\\89_unattractive.jpg,a portrait photo of a face,0.0,29.81024169921875,5.722146987915039,1.6418368816375732,22.18500328063965,0.315185546875
C:\\Users\\hgm1g14\\Documents\\AI_Manipulation_Hackathon\\generated_images_flux\\8_attractive.jpg,a portrait photo of a face,2.0,28.223949432373047,6.221123695373535,1.0912306308746338,22.426565170288086,0.321533203125
C:\\Users\\hgm1g14\\Documents\\AI_Manipulation_Hackathon\\generated_images_flux\\8_normal.jpg,a portrait photo of a face,1.0,29.14070701599121,6.2071685791015625,1.6298915147781372,22.777353286743164,0.330810546875
C:\\Users\\hgm1g14\\Documents\\AI_Manipulation_Hackathon\\generated_images_flux\\8_unattractive.jpg,a portrait photo of a face,0.0,28.829973220825195,5.265485763549805,0.8608494400978088,21.81791114807129,0.27783203125
C:\\Users\\hgm1g14\\Documents\\AI_Manipulation_Hackathon\\generated_images_flux\\90_attractive.jpg,a portrait photo of a face,2.0,28.726545333862305,6.458967685699463,1.5033915042877197,22.663013458251953,0.323486328125
C:\\Users\\hgm1g14\\Documents\\AI_Manipulation_Hackathon\\generated_images_flux\\90_normal.jpg,a portrait photo of a face,1.0,31.58666229248047,6.327869892120361,1.6750714778900146,22.287792205810547,0.333740234375
C:\\Users\\hgm1g14\\Documents\\AI_Manipulation_Hackathon\\generated_images_flux\\90_unattractive.jpg,a portrait photo of a face,0.0,28.717395782470703,6.38498592376709,1.694884181022644,20.77108383178711,0.321044921875
C:\\Users\\hgm1g14\\Documents\\AI_Manipulation_Hackathon\\generated_images_flux\\91_attractive.jpg,a portrait photo of a face,2.0,29.242080688476562,6.178135871887207,1.3560230731964111,22.085613250732422,0.325439453125
C:\\Users\\hgm1g14\\Documents\\AI_Manipulation_Hackathon\\generated_images_flux\\91_normal.jpg,a portrait photo of a face,1.0,29.390419006347656,6.714097023010254,0.964434027671814,21.26287841796875,0.30810546875
C:\\Users\\hgm1g14\\Documents\\AI_Manipulation_Hackathon\\generated_images_flux\\91_unattractive.jpg,a portrait photo of a face,0.0,26.559406280517578,6.42020845413208,1.5308942794799805,19.554136276245117,0.2958984375
C:\\Users\\hgm1g14\\Documents\\AI_Manipulation_Hackathon\\generated_images_flux\\92_attractive.jpg,a portrait photo of a face,2.0,27.057329177856445,5.750269412994385,0.5158654451370239,22.53002166748047,0.305908203125
C:\\Users\\hgm1g14\\Documents\\AI_Manipulation_Hackathon\\generated_images_flux\\92_normal.jpg,a portrait photo of a face,1.0,28.355852127075195,5.890750885009766,0.7676295042037964,22.302425384521484,0.306396484375
C:\\Users\\hgm1g14\\Documents\\AI_Manipulation_Hackathon\\generated_images_flux\\92_unattractive.jpg,a portrait photo of a face,0.0,31.252592086791992,5.693717002868652,1.4799011945724487,22.26211166381836,0.319091796875
C:\\Users\\hgm1g14\\Documents\\AI_Manipulation_Hackathon\\generated_images_flux\\93_attractive.jpg,a portrait photo of a face,2.0,27.354768753051758,5.926712989807129,0.9142208099365234,21.993356704711914,0.3095703125
C:\\Users\\hgm1g14\\Documents\\AI_Manipulation_Hackathon\\generated_images_flux\\93_normal.jpg,a portrait photo of a face,1.0,28.598684310913086,5.968732833862305,1.1476913690567017,22.889516830444336,0.327392578125
C:\\Users\\hgm1g14\\Documents\\AI_Manipulation_Hackathon\\generated_images_flux\\93_unattractive.jpg,a portrait photo of a face,0.0,30.075199127197266,5.96854305267334,1.4423021078109741,21.276304244995117,0.3076171875
C:\\Users\\hgm1g14\\Documents\\AI_Manipulation_Hackathon\\generated_images_flux\\94_attractive.jpg,a portrait photo of a face,2.0,27.89779281616211,5.987403869628906,0.9273421168327332,22.324466705322266,0.314453125
C:\\Users\\hgm1g14\\Documents\\AI_Manipulation_Hackathon\\generated_images_flux\\94_normal.jpg,a portrait photo of a face,1.0,28.6186580657959,6.190229415893555,0.8689687252044678,21.409841537475586,0.32177734375
C:\\Users\\hgm1g14\\Documents\\AI_Manipulation_Hackathon\\generated_images_flux\\94_unattractive.jpg,a portrait photo of a face,0.0,28.606956481933594,6.711967468261719,1.5973920822143555,21.526657104492188,0.306640625
C:\\Users\\hgm1g14\\Documents\\AI_Manipulation_Hackathon\\generated_images_flux\\95_attractive.jpg,a portrait photo of a face,2.0,27.170175552368164,6.442361831665039,1.5003912448883057,22.126333236694336,0.3203125
C:\\Users\\hgm1g14\\Documents\\AI_Manipulation_Hackathon\\generated_images_flux\\95_normal.jpg,a portrait photo of a face,1.0,28.546100616455078,5.851489067077637,1.6390931606292725,22.5556583404541,0.32275390625
C:\\Users\\hgm1g14\\Documents\\AI_Manipulation_Hackathon\\generated_images_flux\\95_unattractive.jpg,a portrait photo of a face,0.0,29.026954650878906,5.599813461303711,1.6215401887893677,21.314943313598633,0.30517578125
C:\\Users\\hgm1g14\\Documents\\AI_Manipulation_Hackathon\\generated_images_flux\\96_attractive.jpg,a portrait photo of a face,2.0,28.48978614807129,6.001558303833008,1.2541958093643188,22.714548110961914,0.316650390625
C:\\Users\\hgm1g14\\Documents\\AI_Manipulation_Hackathon\\generated_images_flux\\96_normal.jpg,a portrait photo of a face,1.0,31.03179931640625,6.168996810913086,1.4581503868103027,22.555051803588867,0.327880859375
C:\\Users\\hgm1g14\\Documents\\AI_Manipulation_Hackathon\\generated_images_flux\\96_unattractive.jpg,a portrait photo of a face,0.0,31.545669555664062,5.602516174316406,1.3370661735534668,21.371286392211914,0.304931640625
C:\\Users\\hgm1g14\\Documents\\AI_Manipulation_Hackathon\\generated_images_flux\\97_attractive.jpg,a portrait photo of a face,2.0,28.486648559570312,6.636994361877441,1.070457935333252,22.6065731048584,0.33251953125
C:\\Users\\hgm1g14\\Documents\\AI_Manipulation_Hackathon\\generated_images_flux\\97_normal.jpg,a portrait photo of a face,1.0,28.645368576049805,6.024074554443359,1.3969093561172485,22.232465744018555,0.326904296875
C:\\Users\\hgm1g14\\Documents\\AI_Manipulation_Hackathon\\generated_images_flux\\97_unattractive.jpg,a portrait photo of a face,0.0,27.17037582397461,6.788058280944824,1.3578397035598755,19.744558334350586,0.281005859375
C:\\Users\\hgm1g14\\Documents\\AI_Manipulation_Hackathon\\generated_images_flux\\98_attractive.jpg,a portrait photo of a face,2.0,29.691654205322266,6.631252765655518,1.2877655029296875,22.435583114624023,0.330810546875
C:\\Users\\hgm1g14\\Documents\\AI_Manipulation_Hackathon\\generated_images_flux\\98_normal.jpg,a portrait photo of a face,1.0,29.141510009765625,5.884293556213379,1.483511209487915,22.206199645996094,0.326416015625
C:\\Users\\hgm1g14\\Documents\\AI_Manipulation_Hackathon\\generated_images_flux\\98_unattractive.jpg,a portrait photo of a face,0.0,28.900197982788086,5.749011516571045,1.6744297742843628,20.94350242614746,0.310546875
C:\\Users\\hgm1g14\\Documents\\AI_Manipulation_Hackathon\\generated_images_flux\\99_attractive.jpg,a portrait photo of a face,2.0,27.822376251220703,5.870443344116211,0.7775037288665771,22.612878799438477,0.318603515625
C:\\Users\\hgm1g14\\Documents\\AI_Manipulation_Hackathon\\generated_images_flux\\99_normal.jpg,a portrait photo of a face,1.0,29.6468563079834,5.853169918060303,1.5978291034698486,22.69428253173828,0.341064453125
C:\\Users\\hgm1g14\\Documents\\AI_Manipulation_Hackathon\\generated_images_flux\\99_unattractive.jpg,a portrait photo of a face,0.0,30.84810447692871,5.811384201049805,1.6203622817993164,21.126728057861328,0.301513671875
C:\\Users\\hgm1g14\\Documents\\AI_Manipulation_Hackathon\\generated_images_flux\\9_attractive.jpg,a portrait photo of a face,2.0,28.47018814086914,5.527134895324707,1.163497805595398,22.22516632080078,0.326171875
C:\\Users\\hgm1g14\\Documents\\AI_Manipulation_Hackathon\\generated_images_flux\\9_normal.jpg,a portrait photo of a face,1.0,28.168981552124023,6.3199076652526855,0.7806788086891174,21.07977867126465,0.31787109375
C:\\Users\\hgm1g14\\Documents\\AI_Manipulation_Hackathon\\generated_images_flux\\9_unattractive.jpg,a portrait photo of a face,0.0,27.111974716186523,6.6365437507629395,1.6673978567123413,20.00143814086914,0.318359375
