image_path,prompt,attractiveness,image_reward,pick_score,hps
C:\\Users\\hgm1g14\\Documents\\AI_Manipulation_Hackathon\\generated_image_sdxl\\0_attractive.jpg,a portrait photo of a face,2.0,1.4002103805541992,22.09606170654297,0.31591796875
C:\\Users\\hgm1g14\\Documents\\AI_Manipulation_Hackathon\\generated_image_sdxl\\0_normal.jpg,a portrait photo of a face,1.0,1.192941427230835,20.594066619873047,0.300537109375
C:\\Users\\hgm1g14\\Documents\\AI_Manipulation_Hackathon\\generated_image_sdxl\\0_unattractive.jpg,a portrait photo of a face,0.0,1.4532020092010498,21.747941970825195,0.3076171875
C:\\Users\\hgm1g14\\Documents\\AI_Manipulation_Hackathon\\generated_image_sdxl\\10_attractive.jpg,a portrait photo of a face,2.0,1.6417511701583862,22.660757064819336,0.31591796875
C:\\Users\\hgm1g14\\Documents\\AI_Manipulation_Hackathon\\generated_image_sdxl\\10_normal.jpg,a portrait photo of a face,1.0,1.5866070985794067,21.831745147705078,0.29638671875
C:\\Users\\hgm1g14\\Documents\\AI_Manipulation_Hackathon\\generated_image_sdxl\\10_unattractive.jpg,a portrait photo of a face,0.0,1.7045825719833374,21.761783599853516,0.297607421875
C:\\Users\\hgm1g14\\Documents\\AI_Manipulation_Hackathon\\generated_image_sdxl\\11_attractive.jpg,a portrait photo of a face,2.0,1.455728530883789,22.263273239135742,0.31103515625
C:\\Users\\hgm1g14\\Documents\\AI_Manipulation_Hackathon\\generated_image_sdxl\\11_normal.jpg,a portrait photo of a face,1.0,1.3199903964996338,20.854726791381836,0.25732421875
C:\\Users\\hgm1g14\\Documents\\AI_Manipulation_Hackathon\\generated_image_sdxl\\11_unattractive.jpg,a portrait photo of a face,0.0,1.6411700248718262,21.788419723510742,0.297607421875
C:\\Users\\hgm1g14\\Documents\\AI_Manipulation_Hackathon\\generated_image_sdxl\\12_attractive.jpg,a portrait photo of a face,2.0,0.6750562191009521,21.780574798583984,0.292236328125
C:\\Users\\hgm1g14\\Documents\\AI_Manipulation_Hackathon\\generated_image_sdxl\\12_normal.jpg,a portrait photo of a face,1.0,-1.499929666519165,19.30536651611328,0.19873046875
C:\\Users\\hgm1g14\\Documents\\AI_Manipulation_Hackathon\\generated_image_sdxl\\12_unattractive.jpg,a portrait photo of a face,0.0,1.1714035272598267,21.5312442779541,0.281982421875
C:\\Users\\hgm1g14\\Documents\\AI_Manipulation_Hackathon\\generated_image_sdxl\\13_attractive.jpg,a portrait photo of a face,2.0,1.3886288404464722,20.277915954589844,0.27734375
C:\\Users\\hgm1g14\\Documents\\AI_Manipulation_Hackathon\\generated_image_sdxl\\13_normal.jpg,a portrait photo of a face,1.0,1.5496528148651123,20.617759704589844,0.277587890625
C:\\Users\\hgm1g14\\Documents\\AI_Manipulation_Hackathon\\generated_image_sdxl\\13_unattractive.jpg,a portrait photo of a face,0.0,1.573331594467163,20.158161163330078,0.283935546875
C:\\Users\\hgm1g14\\Documents\\AI_Manipulation_Hackathon\\generated_image_sdxl\\14_attractive.jpg,a portrait photo of a face,2.0,1.162868618965149,21.759132385253906,0.31494140625
C:\\Users\\hgm1g14\\Documents\\AI_Manipulation_Hackathon\\generated_image_sdxl\\14_normal.jpg,a portrait photo of a face,1.0,1.2442851066589355,20.79582977294922,0.273193359375
C:\\Users\\hgm1g14\\Documents\\AI_Manipulation_Hackathon\\generated_image_sdxl\\14_unattractive.jpg,a portrait photo of a face,0.0,1.5336273908615112,21.423845291137695,0.2890625
C:\\Users\\hgm1g14\\Documents\\AI_Manipulation_Hackathon\\generated_image_sdxl\\15_attractive.jpg,a portrait photo of a face,2.0,1.037829041481018,21.67606544494629,0.288818359375
C:\\Users\\hgm1g14\\Documents\\AI_Manipulation_Hackathon\\generated_image_sdxl\\15_normal.jpg,a portrait photo of a face,1.0,0.7065672278404236,21.593835830688477,0.26904296875
C:\\Users\\hgm1g14\\Documents\\AI_Manipulation_Hackathon\\generated_image_sdxl\\15_unattractive.jpg,a portrait photo of a face,0.0,0.9212344288825989,21.682979583740234,0.27392578125
C:\\Users\\hgm1g14\\Documents\\AI_Manipulation_Hackathon\\generated_image_sdxl\\16_attractive.jpg,a portrait photo of a face,2.0,0.04361700266599655,21.307159423828125,0.259765625
C:\\Users\\hgm1g14\\Documents\\AI_Manipulation_Hackathon\\generated_image_sdxl\\16_normal.jpg,a portrait photo of a face,1.0,1.1081881523132324,21.296417236328125,0.2462158203125
C:\\Users\\hgm1g14\\Documents\\AI_Manipulation_Hackathon\\generated_image_sdxl\\16_unattractive.jpg,a portrait photo of a face,0.0,1.1298327445983887,21.414379119873047,0.2763671875
C:\\Users\\hgm1g14\\Documents\\AI_Manipulation_Hackathon\\generated_image_sdxl\\17_attractive.jpg,a portrait photo of a face,2.0,0.7895529866218567,20.652362823486328,0.26025390625
C:\\Users\\hgm1g14\\Documents\\AI_Manipulation_Hackathon\\generated_image_sdxl\\17_normal.jpg,a portrait photo of a face,1.0,0.2240837663412094,20.56081199645996,0.231201171875
C:\\Users\\hgm1g14\\Documents\\AI_Manipulation_Hackathon\\generated_image_sdxl\\17_unattractive.jpg,a portrait photo of a face,0.0,1.3783340454101562,21.37320327758789,0.2666015625
C:\\Users\\hgm1g14\\Documents\\AI_Manipulation_Hackathon\\generated_image_sdxl\\18_attractive.jpg,a portrait photo of a face,2.0,1.1772947311401367,20.3971004486084,0.297607421875
C:\\Users\\hgm1g14\\Documents\\AI_Manipulation_Hackathon\\generated_image_sdxl\\18_normal.jpg,a portrait photo of a face,1.0,1.06735360622406,20.549516677856445,0.263916015625
C:\\Users\\hgm1g14\\Documents\\AI_Manipulation_Hackathon\\generated_image_sdxl\\18_unattractive.jpg,a portrait photo of a face,0.0,1.4599220752716064,21.91082000732422,0.292724609375
C:\\Users\\hgm1g14\\Documents\\AI_Manipulation_Hackathon\\generated_image_sdxl\\19_attractive.jpg,a portrait photo of a face,2.0,1.343417763710022,22.144412994384766,0.302978515625
C:\\Users\\hgm1g14\\Documents\\AI_Manipulation_Hackathon\\generated_image_sdxl\\19_normal.jpg,a portrait photo of a face,1.0,1.4881446361541748,21.924314498901367,0.2919921875
C:\\Users\\hgm1g14\\Documents\\AI_Manipulation_Hackathon\\generated_image_sdxl\\19_unattractive.jpg,a portrait photo of a face,0.0,1.4642841815948486,21.906476974487305,0.2900390625
C:\\Users\\hgm1g14\\Documents\\AI_Manipulation_Hackathon\\generated_image_sdxl\\1_attractive.jpg,a portrait photo of a face,2.0,1.6377826929092407,22.002758026123047,0.31884765625
C:\\Users\\hgm1g14\\Documents\\AI_Manipulation_Hackathon\\generated_image_sdxl\\1_normal.jpg,a portrait photo of a face,1.0,1.495257019996643,21.589542388916016,0.293701171875
C:\\Users\\hgm1g14\\Documents\\AI_Manipulation_Hackathon\\generated_image_sdxl\\1_unattractive.jpg,a portrait photo of a face,0.0,1.582336664199829,21.302976608276367,0.294677734375
C:\\Users\\hgm1g14\\Documents\\AI_Manipulation_Hackathon\\generated_image_sdxl\\20_attractive.jpg,a portrait photo of a face,2.0,0.954300045967102,21.687007904052734,0.297607421875
C:\\Users\\hgm1g14\\Documents\\AI_Manipulation_Hackathon\\generated_image_sdxl\\20_normal.jpg,a portrait photo of a face,1.0,0.5776374340057373,21.032609939575195,0.25341796875
C:\\Users\\hgm1g14\\Documents\\AI_Manipulation_Hackathon\\generated_image_sdxl\\20_unattractive.jpg,a portrait photo of a face,0.0,0.9411550164222717,21.402128219604492,0.270751953125
C:\\Users\\hgm1g14\\Documents\\AI_Manipulation_Hackathon\\generated_image_sdxl\\21_attractive.jpg,a portrait photo of a face,2.0,1.5040189027786255,22.35596466064453,0.3095703125
C:\\Users\\hgm1g14\\Documents\\AI_Manipulation_Hackathon\\generated_image_sdxl\\21_normal.jpg,a portrait photo of a face,1.0,0.6519981622695923,21.382930755615234,0.27001953125
C:\\Users\\hgm1g14\\Documents\\AI_Manipulation_Hackathon\\generated_image_sdxl\\21_unattractive.jpg,a portrait photo of a face,0.0,0.5952777862548828,21.26519203186035,0.267822265625
C:\\Users\\hgm1g14\\Documents\\AI_Manipulation_Hackathon\\generated_image_sdxl\\22_attractive.jpg,a portrait photo of a face,2.0,0.03208368644118309,21.67637062072754,0.2626953125
C:\\Users\\hgm1g14\\Documents\\AI_Manipulation_Hackathon\\generated_image_sdxl\\22_normal.jpg,a portrait photo of a face,1.0,0.4398409128189087,19.725614547729492,0.2301025390625
C:\\Users\\hgm1g14\\Documents\\AI_Manipulation_Hackathon\\generated_image_sdxl\\22_unattractive.jpg,a portrait photo of a face,0.0,1.1803691387176514,19.585586547851562,0.247314453125
C:\\Users\\hgm1g14\\Documents\\AI_Manipulation_Hackathon\\generated_image_sdxl\\23_attractive.jpg,a portrait photo of a face,2.0,0.6319826245307922,21.74909019470215,0.307861328125
C:\\Users\\hgm1g14\\Documents\\AI_Manipulation_Hackathon\\generated_image_sdxl\\23_normal.jpg,a portrait photo of a face,1.0,0.9036645293235779,21.056358337402344,0.279052734375
C:\\Users\\hgm1g14\\Documents\\AI_Manipulation_Hackathon\\generated_image_sdxl\\23_unattractive.jpg,a portrait photo of a face,0.0,1.0689888000488281,21.59077262878418,0.286865234375
C:\\Users\\hgm1g14\\Documents\\AI_Manipulation_Hackathon\\generated_image_sdxl\\24_attractive.jpg,a portrait photo of a face,2.0,0.4698111414909363,20.73837661743164,0.27734375
C:\\Users\\hgm1g14\\Documents\\AI_Manipulation_Hackathon\\generated_image_sdxl\\24_normal.jpg,a portrait photo of a face,1.0,-0.5350208878517151,18.9716796875,0.1947021484375
C:\\Users\\hgm1g14\\Documents\\AI_Manipulation_Hackathon\\generated_image_sdxl\\24_unattractive.jpg,a portrait photo of a face,0.0,-0.059199195355176926,20.59554100036621,0.2213134765625
C:\\Users\\hgm1g14\\Documents\\AI_Manipulation_Hackathon\\generated_image_sdxl\\25_attractive.jpg,a portrait photo of a face,2.0,1.1078795194625854,20.976076126098633,0.2763671875
C:\\Users\\hgm1g14\\Documents\\AI_Manipulation_Hackathon\\generated_image_sdxl\\25_normal.jpg,a portrait photo of a face,1.0,0.9509466886520386,20.426259994506836,0.249755859375
C:\\Users\\hgm1g14\\Documents\\AI_Manipulation_Hackathon\\generated_image_sdxl\\25_unattractive.jpg,a portrait photo of a face,0.0,1.1294517517089844,20.148054122924805,0.25244140625
C:\\Users\\hgm1g14\\Documents\\AI_Manipulation_Hackathon\\generated_image_sdxl\\26_attractive.jpg,a portrait photo of a face,2.0,0.987808108329773,21.35249900817871,0.27734375
C:\\Users\\hgm1g14\\Documents\\AI_Manipulation_Hackathon\\generated_image_sdxl\\26_normal.jpg,a portrait photo of a face,1.0,0.8804263472557068,21.330293655395508,0.272705078125
C:\\Users\\hgm1g14\\Documents\\AI_Manipulation_Hackathon\\generated_image_sdxl\\26_unattractive.jpg,a portrait photo of a face,0.0,1.151679515838623,21.416072845458984,0.271728515625
C:\\Users\\hgm1g14\\Documents\\AI_Manipulation_Hackathon\\generated_image_sdxl\\27_attractive.jpg,a portrait photo of a face,2.0,-1.535570740699768,19.240930557250977,0.218017578125
C:\\Users\\hgm1g14\\Documents\\AI_Manipulation_Hackathon\\generated_image_sdxl\\27_normal.jpg,a portrait photo of a face,1.0,-1.273399829864502,18.627687454223633,0.162109375
C:\\Users\\hgm1g14\\Documents\\AI_Manipulation_Hackathon\\generated_image_sdxl\\27_unattractive.jpg,a portrait photo of a face,0.0,-0.7852568030357361,19.107189178466797,0.19873046875
C:\\Users\\hgm1g14\\Documents\\AI_Manipulation_Hackathon\\generated_image_sdxl\\28_attractive.jpg,a portrait photo of a face,2.0,1.4710136651992798,19.985708236694336,0.277587890625
C:\\Users\\hgm1g14\\Documents\\AI_Manipulation_Hackathon\\generated_image_sdxl\\28_normal.jpg,a portrait photo of a face,1.0,0.9195001721382141,20.82073211669922,0.271240234375
C:\\Users\\hgm1g14\\Documents\\AI_Manipulation_Hackathon\\generated_image_sdxl\\28_unattractive.jpg,a portrait photo of a face,0.0,0.8249701261520386,19.5169734954834,0.236083984375
C:\\Users\\hgm1g14\\Documents\\AI_Manipulation_Hackathon\\generated_image_sdxl\\29_attractive.jpg,a portrait photo of a face,2.0,0.642683744430542,20.781696319580078,0.25634765625
C:\\Users\\hgm1g14\\Documents\\AI_Manipulation_Hackathon\\generated_image_sdxl\\29_normal.jpg,a portrait photo of a face,1.0,1.0739364624023438,21.671459197998047,0.25390625
C:\\Users\\hgm1g14\\Documents\\AI_Manipulation_Hackathon\\generated_image_sdxl\\29_unattractive.jpg,a portrait photo of a face,0.0,1.4352418184280396,21.60912322998047,0.264404296875
C:\\Users\\hgm1g14\\Documents\\AI_Manipulation_Hackathon\\generated_image_sdxl\\2_attractive.jpg,a portrait photo of a face,2.0,0.6101049184799194,21.032821655273438,0.267578125
C:\\Users\\hgm1g14\\Documents\\AI_Manipulation_Hackathon\\generated_image_sdxl\\2_normal.jpg,a portrait photo of a face,1.0,0.42018672823905945,20.438232421875,0.23974609375
C:\\Users\\hgm1g14\\Documents\\AI_Manipulation_Hackathon\\generated_image_sdxl\\2_unattractive.jpg,a portrait photo of a face,0.0,0.3945952355861664,20.79975700378418,0.24853515625
C:\\Users\\hgm1g14\\Documents\\AI_Manipulation_Hackathon\\generated_image_sdxl\\30_attractive.jpg,a portrait photo of a face,2.0,1.0907543897628784,21.630512237548828,0.301513671875
C:\\Users\\hgm1g14\\Documents\\AI_Manipulation_Hackathon\\generated_image_sdxl\\30_normal.jpg,a portrait photo of a face,1.0,0.9119997620582581,21.480775833129883,0.290283203125
C:\\Users\\hgm1g14\\Documents\\AI_Manipulation_Hackathon\\generated_image_sdxl\\30_unattractive.jpg,a portrait photo of a face,0.0,1.1182401180267334,21.456830978393555,0.28857421875
C:\\Users\\hgm1g14\\Documents\\AI_Manipulation_Hackathon\\generated_image_sdxl\\31_attractive.jpg,a portrait photo of a face,2.0,1.2192248106002808,21.844053268432617,0.282470703125
C:\\Users\\hgm1g14\\Documents\\AI_Manipulation_Hackathon\\generated_image_sdxl\\31_normal.jpg,a portrait photo of a face,1.0,0.761449933052063,20.969573974609375,0.241943359375
C:\\Users\\hgm1g14\\Documents\\AI_Manipulation_Hackathon\\generated_image_sdxl\\31_unattractive.jpg,a portrait photo of a face,0.0,0.6611002087593079,21.177236557006836,0.24609375
C:\\Users\\hgm1g14\\Documents\\AI_Manipulation_Hackathon\\generated_image_sdxl\\32_attractive.jpg,a portrait photo of a face,2.0,0.9710062742233276,21.68596076965332,0.286865234375
C:\\Users\\hgm1g14\\Documents\\AI_Manipulation_Hackathon\\generated_image_sdxl\\32_normal.jpg,a portrait photo of a face,1.0,1.0198172330856323,20.538042068481445,0.2445068359375
C:\\Users\\hgm1g14\\Documents\\AI_Manipulation_Hackathon\\generated_image_sdxl\\32_unattractive.jpg,a portrait photo of a face,0.0,1.0033527612686157,20.033485412597656,0.24365234375
C:\\Users\\hgm1g14\\Documents\\AI_Manipulation_Hackathon\\generated_image_sdxl\\33_attractive.jpg,a portrait photo of a face,2.0,-0.6940197944641113,20.134889602661133,0.222900390625
C:\\Users\\hgm1g14\\Documents\\AI_Manipulation_Hackathon\\generated_image_sdxl\\33_normal.jpg,a portrait photo of a face,1.0,-0.8196145296096802,19.384429931640625,0.211669921875
C:\\Users\\hgm1g14\\Documents\\AI_Manipulation_Hackathon\\generated_image_sdxl\\33_unattractive.jpg,a portrait photo of a face,0.0,-0.5676702260971069,19.5885009765625,0.2177734375
C:\\Users\\hgm1g14\\Documents\\AI_Manipulation_Hackathon\\generated_image_sdxl\\34_attractive.jpg,a portrait photo of a face,2.0,-0.1962219476699829,21.341012954711914,0.27685546875
C:\\Users\\hgm1g14\\Documents\\AI_Manipulation_Hackathon\\generated_image_sdxl\\34_normal.jpg,a portrait photo of a face,1.0,1.087794542312622,20.71110725402832,0.269775390625
C:\\Users\\hgm1g14\\Documents\\AI_Manipulation_Hackathon\\generated_image_sdxl\\34_unattractive.jpg,a portrait photo of a face,0.0,1.0827068090438843,20.680925369262695,0.274658203125
C:\\Users\\hgm1g14\\Documents\\AI_Manipulation_Hackathon\\generated_image_sdxl\\35_attractive.jpg,a portrait photo of a face,2.0,1.2397475242614746,20.7464656829834,0.301025390625
C:\\Users\\hgm1g14\\Documents\\AI_Manipulation_Hackathon\\generated_image_sdxl\\35_normal.jpg,a portrait photo of a face,1.0,1.3055700063705444,20.664270401000977,0.264404296875
C:\\Users\\hgm1g14\\Documents\\AI_Manipulation_Hackathon\\generated_image_sdxl\\35_unattractive.jpg,a portrait photo of a face,0.0,1.3587982654571533,21.053668975830078,0.27587890625
C:\\Users\\hgm1g14\\Documents\\AI_Manipulation_Hackathon\\generated_image_sdxl\\36_attractive.jpg,a portrait photo of a face,2.0,1.686336874961853,22.658212661743164,0.31640625
C:\\Users\\hgm1g14\\Documents\\AI_Manipulation_Hackathon\\generated_image_sdxl\\36_normal.jpg,a portrait photo of a face,1.0,0.7873530387878418,20.49327278137207,0.2279052734375
C:\\Users\\hgm1g14\\Documents\\AI_Manipulation_Hackathon\\generated_image_sdxl\\36_unattractive.jpg,a portrait photo of a face,0.0,1.630384922027588,21.857006072998047,0.291259765625
C:\\Users\\hgm1g14\\Documents\\AI_Manipulation_Hackathon\\generated_image_sdxl\\37_attractive.jpg,a portrait photo of a face,2.0,-0.924757182598114,20.40396499633789,0.260009765625
C:\\Users\\hgm1g14\\Documents\\AI_Manipulation_Hackathon\\generated_image_sdxl\\37_normal.jpg,a portrait photo of a face,1.0,0.2970533072948456,21.087902069091797,0.25341796875
C:\\Users\\hgm1g14\\Documents\\AI_Manipulation_Hackathon\\generated_image_sdxl\\37_unattractive.jpg,a portrait photo of a face,0.0,-0.7420815825462341,20.173246383666992,0.2308349609375
C:\\Users\\hgm1g14\\Documents\\AI_Manipulation_Hackathon\\generated_image_sdxl\\38_attractive.jpg,a portrait photo of a face,2.0,0.5982012748718262,21.389192581176758,0.28076171875
C:\\Users\\hgm1g14\\Documents\\AI_Manipulation_Hackathon\\generated_image_sdxl\\38_normal.jpg,a portrait photo of a face,1.0,0.2602604627609253,20.66542625427246,0.25439453125
C:\\Users\\hgm1g14\\Documents\\AI_Manipulation_Hackathon\\generated_image_sdxl\\38_unattractive.jpg,a portrait photo of a face,0.0,1.3871859312057495,22.06833267211914,0.30078125
C:\\Users\\hgm1g14\\Documents\\AI_Manipulation_Hackathon\\generated_image_sdxl\\39_attractive.jpg,a portrait photo of a face,2.0,-0.4448714852333069,19.649581909179688,0.2337646484375
C:\\Users\\hgm1g14\\Documents\\AI_Manipulation_Hackathon\\generated_image_sdxl\\39_normal.jpg,a portrait photo of a face,1.0,0.18152007460594177,19.88457679748535,0.2142333984375
C:\\Users\\hgm1g14\\Documents\\AI_Manipulation_Hackathon\\generated_image_sdxl\\39_unattractive.jpg,a portrait photo of a face,0.0,0.19391436874866486,19.80508041381836,0.2213134765625
C:\\Users\\hgm1g14\\Documents\\AI_Manipulation_Hackathon\\generated_image_sdxl\\3_attractive.jpg,a portrait photo of a face,2.0,0.7296669483184814,19.98598861694336,0.21728515625
C:\\Users\\hgm1g14\\Documents\\AI_Manipulation_Hackathon\\generated_image_sdxl\\3_normal.jpg,a portrait photo of a face,1.0,1.0573514699935913,19.734786987304688,0.2039794921875
C:\\Users\\hgm1g14\\Documents\\AI_Manipulation_Hackathon\\generated_image_sdxl\\3_unattractive.jpg,a portrait photo of a face,0.0,1.4308017492294312,19.82290267944336,0.2294921875
C:\\Users\\hgm1g14\\Documents\\AI_Manipulation_Hackathon\\generated_image_sdxl\\40_attractive.jpg,a portrait photo of a face,2.0,0.6359314918518066,21.13262939453125,0.302490234375
C:\\Users\\hgm1g14\\Documents\\AI_Manipulation_Hackathon\\generated_image_sdxl\\40_normal.jpg,a portrait photo of a face,1.0,0.3879534900188446,20.590534210205078,0.2470703125
C:\\Users\\hgm1g14\\Documents\\AI_Manipulation_Hackathon\\generated_image_sdxl\\40_unattractive.jpg,a portrait photo of a face,0.0,1.2170087099075317,20.677471160888672,0.249755859375
C:\\Users\\hgm1g14\\Documents\\AI_Manipulation_Hackathon\\generated_image_sdxl\\41_attractive.jpg,a portrait photo of a face,2.0,1.464416742324829,22.134260177612305,0.287841796875
C:\\Users\\hgm1g14\\Documents\\AI_Manipulation_Hackathon\\generated_image_sdxl\\41_normal.jpg,a portrait photo of a face,1.0,1.3093198537826538,21.2697811126709,0.264404296875
C:\\Users\\hgm1g14\\Documents\\AI_Manipulation_Hackathon\\generated_image_sdxl\\41_unattractive.jpg,a portrait photo of a face,0.0,1.4364538192749023,21.629655838012695,0.2734375
C:\\Users\\hgm1g14\\Documents\\AI_Manipulation_Hackathon\\generated_image_sdxl\\42_attractive.jpg,a portrait photo of a face,2.0,1.4061306715011597,21.680097579956055,0.27783203125
C:\\Users\\hgm1g14\\Documents\\AI_Manipulation_Hackathon\\generated_image_sdxl\\42_normal.jpg,a portrait photo of a face,1.0,1.0913492441177368,21.295263290405273,0.244384765625
C:\\Users\\hgm1g14\\Documents\\AI_Manipulation_Hackathon\\generated_image_sdxl\\42_unattractive.jpg,a portrait photo of a face,0.0,1.269558310508728,21.57134246826172,0.259033203125
C:\\Users\\hgm1g14\\Documents\\AI_Manipulation_Hackathon\\generated_image_sdxl\\43_attractive.jpg,a portrait photo of a face,2.0,1.461498498916626,21.81191635131836,0.30029296875
C:\\Users\\hgm1g14\\Documents\\AI_Manipulation_Hackathon\\generated_image_sdxl\\43_normal.jpg,a portrait photo of a face,1.0,1.5078788995742798,20.694019317626953,0.25830078125
C:\\Users\\hgm1g14\\Documents\\AI_Manipulation_Hackathon\\generated_image_sdxl\\43_unattractive.jpg,a portrait photo of a face,0.0,1.5951387882232666,20.872425079345703,0.2822265625
C:\\Users\\hgm1g14\\Documents\\AI_Manipulation_Hackathon\\generated_image_sdxl\\44_attractive.jpg,a portrait photo of a face,2.0,0.40798187255859375,21.614376068115234,0.286865234375
C:\\Users\\hgm1g14\\Documents\\AI_Manipulation_Hackathon\\generated_image_sdxl\\44_normal.jpg,a portrait photo of a face,1.0,1.2633867263793945,20.808073043823242,0.239013671875
C:\\Users\\hgm1g14\\Documents\\AI_Manipulation_Hackathon\\generated_image_sdxl\\44_unattractive.jpg,a portrait photo of a face,0.0,0.8651142120361328,20.636709213256836,0.2437744140625
C:\\Users\\hgm1g14\\Documents\\AI_Manipulation_Hackathon\\generated_image_sdxl\\45_attractive.jpg,a portrait photo of a face,2.0,1.5475903749465942,22.369585037231445,0.319091796875
C:\\Users\\hgm1g14\\Documents\\AI_Manipulation_Hackathon\\generated_image_sdxl\\45_normal.jpg,a portrait photo of a face,1.0,0.8258237242698669,20.853628158569336,0.268798828125
C:\\Users\\hgm1g14\\Documents\\AI_Manipulation_Hackathon\\generated_image_sdxl\\45_unattractive.jpg,a portrait photo of a face,0.0,1.6133127212524414,21.669349670410156,0.294677734375
C:\\Users\\hgm1g14\\Documents\\AI_Manipulation_Hackathon\\generated_image_sdxl\\46_attractive.jpg,a portrait photo of a face,2.0,1.3377779722213745,20.876819610595703,0.29541015625
C:\\Users\\hgm1g14\\Documents\\AI_Manipulation_Hackathon\\generated_image_sdxl\\46_normal.jpg,a portrait photo of a face,1.0,1.0848486423492432,20.37134552001953,0.260986328125
C:\\Users\\hgm1g14\\Documents\\AI_Manipulation_Hackathon\\generated_image_sdxl\\46_unattractive.jpg,a portrait photo of a face,0.0,1.2273544073104858,21.135046005249023,0.2958984375
C:\\Users\\hgm1g14\\Documents\\AI_Manipulation_Hackathon\\generated_image_sdxl\\47_attractive.jpg,a portrait photo of a face,2.0,1.3422681093215942,22.377267837524414,0.3154296875
C:\\Users\\hgm1g14\\Documents\\AI_Manipulation_Hackathon\\generated_image_sdxl\\47_normal.jpg,a portrait photo of a face,1.0,0.5884009003639221,21.52737808227539,0.256591796875
C:\\Users\\hgm1g14\\Documents\\AI_Manipulation_Hackathon\\generated_image_sdxl\\47_unattractive.jpg,a portrait photo of a face,0.0,0.7000251412391663,21.572643280029297,0.260009765625
C:\\Users\\hgm1g14\\Documents\\AI_Manipulation_Hackathon\\generated_image_sdxl\\48_attractive.jpg,a portrait photo of a face,2.0,0.9636382460594177,21.78690528869629,0.281982421875
C:\\Users\\hgm1g14\\Documents\\AI_Manipulation_Hackathon\\generated_image_sdxl\\48_normal.jpg,a portrait photo of a face,1.0,0.5608313679695129,20.901592254638672,0.2440185546875
C:\\Users\\hgm1g14\\Documents\\AI_Manipulation_Hackathon\\generated_image_sdxl\\48_unattractive.jpg,a portrait photo of a face,0.0,1.3057178258895874,22.014440536499023,0.281982421875
C:\\Users\\hgm1g14\\Documents\\AI_Manipulation_Hackathon\\generated_image_sdxl\\49_attractive.jpg,a portrait photo of a face,2.0,0.5749084949493408,21.796314239501953,0.274169921875
C:\\Users\\hgm1g14\\Documents\\AI_Manipulation_Hackathon\\generated_image_sdxl\\49_normal.jpg,a portrait photo of a face,1.0,0.324385404586792,21.90412139892578,0.2578125
C:\\Users\\hgm1g14\\Documents\\AI_Manipulation_Hackathon\\generated_image_sdxl\\49_unattractive.jpg,a portrait photo of a face,0.0,0.3842611312866211,21.63517189025879,0.26318359375
C:\\Users\\hgm1g14\\Documents\\AI_Manipulation_Hackathon\\generated_image_sdxl\\4_attractive.jpg,a portrait photo of a face,2.0,1.2415944337844849,21.87523078918457,0.301513671875
C:\\Users\\hgm1g14\\Documents\\AI_Manipulation_Hackathon\\generated_image_sdxl\\4_normal.jpg,a portrait photo of a face,1.0,0.7929575443267822,20.086956024169922,0.256103515625
C:\\Users\\hgm1g14\\Documents\\AI_Manipulation_Hackathon\\generated_image_sdxl\\4_unattractive.jpg,a portrait photo of a face,0.0,1.0809054374694824,21.299232482910156,0.281494140625
C:\\Users\\hgm1g14\\Documents\\AI_Manipulation_Hackathon\\generated_image_sdxl\\50_attractive.jpg,a portrait photo of a face,2.0,1.0119901895523071,21.639284133911133,0.271484375
C:\\Users\\hgm1g14\\Documents\\AI_Manipulation_Hackathon\\generated_image_sdxl\\50_normal.jpg,a portrait photo of a face,1.0,1.133782982826233,20.01448631286621,0.257568359375
C:\\Users\\hgm1g14\\Documents\\AI_Manipulation_Hackathon\\generated_image_sdxl\\50_unattractive.jpg,a portrait photo of a face,0.0,1.1139613389968872,19.851585388183594,0.2529296875
C:\\Users\\hgm1g14\\Documents\\AI_Manipulation_Hackathon\\generated_image_sdxl\\51_attractive.jpg,a portrait photo of a face,2.0,1.5964720249176025,22.05727195739746,0.313720703125
C:\\Users\\hgm1g14\\Documents\\AI_Manipulation_Hackathon\\generated_image_sdxl\\51_normal.jpg,a portrait photo of a face,1.0,0.7809357047080994,21.698368072509766,0.252685546875
C:\\Users\\hgm1g14\\Documents\\AI_Manipulation_Hackathon\\generated_image_sdxl\\51_unattractive.jpg,a portrait photo of a face,0.0,1.590615153312683,22.223217010498047,0.28564453125
C:\\Users\\hgm1g14\\Documents\\AI_Manipulation_Hackathon\\generated_image_sdxl\\52_attractive.jpg,a portrait photo of a face,2.0,-0.5416313409805298,21.579727172851562,0.2822265625
C:\\Users\\hgm1g14\\Documents\\AI_Manipulation_Hackathon\\generated_image_sdxl\\52_normal.jpg,a portrait photo of a face,1.0,-0.4044340252876282,20.273332595825195,0.2274169921875
C:\\Users\\hgm1g14\\Documents\\AI_Manipulation_Hackathon\\generated_image_sdxl\\52_unattractive.jpg,a portrait photo of a face,0.0,-0.2059178501367569,20.740276336669922,0.241943359375
C:\\Users\\hgm1g14\\Documents\\AI_Manipulation_Hackathon\\generated_image_sdxl\\53_attractive.jpg,a portrait photo of a face,2.0,1.0895801782608032,20.938098907470703,0.2841796875
C:\\Users\\hgm1g14\\Documents\\AI_Manipulation_Hackathon\\generated_image_sdxl\\53_normal.jpg,a portrait photo of a face,1.0,0.43283167481422424,20.24317741394043,0.208251953125
C:\\Users\\hgm1g14\\Documents\\AI_Manipulation_Hackathon\\generated_image_sdxl\\53_unattractive.jpg,a portrait photo of a face,0.0,1.2836871147155762,20.878005981445312,0.28271484375
C:\\Users\\hgm1g14\\Documents\\AI_Manipulation_Hackathon\\generated_image_sdxl\\54_attractive.jpg,a portrait photo of a face,2.0,0.6302482485771179,21.75603675842285,0.28955078125
C:\\Users\\hgm1g14\\Documents\\AI_Manipulation_Hackathon\\generated_image_sdxl\\54_normal.jpg,a portrait photo of a face,1.0,0.9838657975196838,19.82101821899414,0.2415771484375
C:\\Users\\hgm1g14\\Documents\\AI_Manipulation_Hackathon\\generated_image_sdxl\\54_unattractive.jpg,a portrait photo of a face,0.0,1.3571935892105103,20.703229904174805,0.275146484375
C:\\Users\\hgm1g14\\Documents\\AI_Manipulation_Hackathon\\generated_image_sdxl\\55_attractive.jpg,a portrait photo of a face,2.0,1.5741291046142578,21.70389175415039,0.294189453125
C:\\Users\\hgm1g14\\Documents\\AI_Manipulation_Hackathon\\generated_image_sdxl\\55_normal.jpg,a portrait photo of a face,1.0,1.3785732984542847,21.55890464782715,0.27978515625
C:\\Users\\hgm1g14\\Documents\\AI_Manipulation_Hackathon\\generated_image_sdxl\\55_unattractive.jpg,a portrait photo of a face,0.0,1.587531328201294,21.391855239868164,0.284912109375
C:\\Users\\hgm1g14\\Documents\\AI_Manipulation_Hackathon\\generated_image_sdxl\\56_attractive.jpg,a portrait photo of a face,2.0,0.8350687026977539,21.833105087280273,0.267822265625
C:\\Users\\hgm1g14\\Documents\\AI_Manipulation_Hackathon\\generated_image_sdxl\\56_normal.jpg,a portrait photo of a face,1.0,0.48834463953971863,20.294347763061523,0.2587890625
C:\\Users\\hgm1g14\\Documents\\AI_Manipulation_Hackathon\\generated_image_sdxl\\56_unattractive.jpg,a portrait photo of a face,0.0,0.815984845161438,19.732864379882812,0.237060546875
C:\\Users\\hgm1g14\\Documents\\AI_Manipulation_Hackathon\\generated_image_sdxl\\57_attractive.jpg,a portrait photo of a face,2.0,0.5921356678009033,20.271228790283203,0.2369384765625
C:\\Users\\hgm1g14\\Documents\\AI_Manipulation_Hackathon\\generated_image_sdxl\\57_normal.jpg,a portrait photo of a face,1.0,0.4529380798339844,19.28315544128418,0.195556640625
C:\\Users\\hgm1g14\\Documents\\AI_Manipulation_Hackathon\\generated_image_sdxl\\57_unattractive.jpg,a portrait photo of a face,0.0,0.3777804374694824,20.250516891479492,0.2264404296875
C:\\Users\\hgm1g14\\Documents\\AI_Manipulation_Hackathon\\generated_image_sdxl\\58_attractive.jpg,a portrait photo of a face,2.0,1.4739644527435303,21.143949508666992,0.281005859375
C:\\Users\\hgm1g14\\Documents\\AI_Manipulation_Hackathon\\generated_image_sdxl\\58_normal.jpg,a portrait photo of a face,1.0,0.7882087826728821,19.662109375,0.2364501953125
C:\\Users\\hgm1g14\\Documents\\AI_Manipulation_Hackathon\\generated_image_sdxl\\58_unattractive.jpg,a portrait photo of a face,0.0,1.597396731376648,19.752843856811523,0.26806640625
C:\\Users\\hgm1g14\\Documents\\AI_Manipulation_Hackathon\\generated_image_sdxl\\59_attractive.jpg,a portrait photo of a face,2.0,1.4027386903762817,22.030193328857422,0.30029296875
C:\\Users\\hgm1g14\\Documents\\AI_Manipulation_Hackathon\\generated_image_sdxl\\59_normal.jpg,a portrait photo of a face,1.0,1.488580584526062,21.58902931213379,0.287109375
C:\\Users\\hgm1g14\\Documents\\AI_Manipulation_Hackathon\\generated_image_sdxl\\59_unattractive.jpg,a portrait photo of a face,0.0,1.2890652418136597,21.535961151123047,0.286865234375
C:\\Users\\hgm1g14\\Documents\\AI_Manipulation_Hackathon\\generated_image_sdxl\\5_attractive.jpg,a portrait photo of a face,2.0,0.04294214025139809,21.443431854248047,0.296630859375
C:\\Users\\hgm1g14\\Documents\\AI_Manipulation_Hackathon\\generated_image_sdxl\\5_normal.jpg,a portrait photo of a face,1.0,0.44612064957618713,20.8149356842041,0.255615234375
C:\\Users\\hgm1g14\\Documents\\AI_Manipulation_Hackathon\\generated_image_sdxl\\5_unattractive.jpg,a portrait photo of a face,0.0,0.5837445259094238,21.491031646728516,0.28564453125
C:\\Users\\hgm1g14\\Documents\\AI_Manipulation_Hackathon\\generated_image_sdxl\\60_attractive.jpg,a portrait photo of a face,2.0,0.8904667496681213,22.837182998657227,0.3115234375
C:\\Users\\hgm1g14\\Documents\\AI_Manipulation_Hackathon\\generated_image_sdxl\\60_normal.jpg,a portrait photo of a face,1.0,0.2995368242263794,21.35281753540039,0.275146484375
C:\\Users\\hgm1g14\\Documents\\AI_Manipulation_Hackathon\\generated_image_sdxl\\60_unattractive.jpg,a portrait photo of a face,0.0,0.39809131622314453,21.33092498779297,0.266357421875
C:\\Users\\hgm1g14\\Documents\\AI_Manipulation_Hackathon\\generated_image_sdxl\\61_attractive.jpg,a portrait photo of a face,2.0,-0.6248739361763,21.033296585083008,0.234619140625
C:\\Users\\hgm1g14\\Documents\\AI_Manipulation_Hackathon\\generated_image_sdxl\\61_normal.jpg,a portrait photo of a face,1.0,0.7520843744277954,20.696340560913086,0.2376708984375
C:\\Users\\hgm1g14\\Documents\\AI_Manipulation_Hackathon\\generated_image_sdxl\\61_unattractive.jpg,a portrait photo of a face,0.0,0.7418026328086853,21.335054397583008,0.24365234375
C:\\Users\\hgm1g14\\Documents\\AI_Manipulation_Hackathon\\generated_image_sdxl\\62_attractive.jpg,a portrait photo of a face,2.0,1.0923798084259033,20.003528594970703,0.244384765625
C:\\Users\\hgm1g14\\Documents\\AI_Manipulation_Hackathon\\generated_image_sdxl\\62_normal.jpg,a portrait photo of a face,1.0,-0.5819768309593201,19.62096405029297,0.2061767578125
C:\\Users\\hgm1g14\\Documents\\AI_Manipulation_Hackathon\\generated_image_sdxl\\62_unattractive.jpg,a portrait photo of a face,0.0,0.603834331035614,19.960477828979492,0.2091064453125
C:\\Users\\hgm1g14\\Documents\\AI_Manipulation_Hackathon\\generated_image_sdxl\\63_attractive.jpg,a portrait photo of a face,2.0,0.41065165400505066,21.58256721496582,0.302490234375
C:\\Users\\hgm1g14\\Documents\\AI_Manipulation_Hackathon\\generated_image_sdxl\\63_normal.jpg,a portrait photo of a face,1.0,0.33762824535369873,19.63601303100586,0.2381591796875
C:\\Users\\hgm1g14\\Documents\\AI_Manipulation_Hackathon\\generated_image_sdxl\\63_unattractive.jpg,a portrait photo of a face,0.0,1.035806655883789,19.854124069213867,0.275390625
C:\\Users\\hgm1g14\\Documents\\AI_Manipulation_Hackathon\\generated_image_sdxl\\64_attractive.jpg,a portrait photo of a face,2.0,1.1379611492156982,21.49989128112793,0.285888671875
C:\\Users\\hgm1g14\\Documents\\AI_Manipulation_Hackathon\\generated_image_sdxl\\64_normal.jpg,a portrait photo of a face,1.0,0.6157490611076355,20.904909133911133,0.267578125
C:\\Users\\hgm1g14\\Documents\\AI_Manipulation_Hackathon\\generated_image_sdxl\\64_unattractive.jpg,a portrait photo of a face,0.0,1.604579210281372,20.83989143371582,0.28125
C:\\Users\\hgm1g14\\Documents\\AI_Manipulation_Hackathon\\generated_image_sdxl\\65_attractive.jpg,a portrait photo of a face,2.0,1.2514822483062744,21.420578002929688,0.280029296875
C:\\Users\\hgm1g14\\Documents\\AI_Manipulation_Hackathon\\generated_image_sdxl\\65_normal.jpg,a portrait photo of a face,1.0,0.5560373067855835,20.505327224731445,0.2484130859375
C:\\Users\\hgm1g14\\Documents\\AI_Manipulation_Hackathon\\generated_image_sdxl\\65_unattractive.jpg,a portrait photo of a face,0.0,1.3618519306182861,20.866666793823242,0.263916015625
C:\\Users\\hgm1g14\\Documents\\AI_Manipulation_Hackathon\\generated_image_sdxl\\66_attractive.jpg,a portrait photo of a face,2.0,1.1082950830459595,21.005334854125977,0.271484375
C:\\Users\\hgm1g14\\Documents\\AI_Manipulation_Hackathon\\generated_image_sdxl\\66_normal.jpg,a portrait photo of a face,1.0,0.44691410660743713,20.1175537109375,0.2271728515625
C:\\Users\\hgm1g14\\Documents\\AI_Manipulation_Hackathon\\generated_image_sdxl\\66_unattractive.jpg,a portrait photo of a face,0.0,0.9318974614143372,20.835803985595703,0.26513671875
C:\\Users\\hgm1g14\\Documents\\AI_Manipulation_Hackathon\\generated_image_sdxl\\67_attractive.jpg,a portrait photo of a face,2.0,0.6229733824729919,20.875913619995117,0.271484375
C:\\Users\\hgm1g14\\Documents\\AI_Manipulation_Hackathon\\generated_image_sdxl\\67_normal.jpg,a portrait photo of a face,1.0,0.4762256443500519,20.518442153930664,0.261474609375
C:\\Users\\hgm1g14\\Documents\\AI_Manipulation_Hackathon\\generated_image_sdxl\\67_unattractive.jpg,a portrait photo of a face,0.0,0.5317548513412476,20.279985427856445,0.2724609375
C:\\Users\\hgm1g14\\Documents\\AI_Manipulation_Hackathon\\generated_image_sdxl\\68_attractive.jpg,a portrait photo of a face,2.0,0.901695191860199,21.314931869506836,0.2841796875
C:\\Users\\hgm1g14\\Documents\\AI_Manipulation_Hackathon\\generated_image_sdxl\\68_normal.jpg,a portrait photo of a face,1.0,0.9963045120239258,20.18037223815918,0.255126953125
C:\\Users\\hgm1g14\\Documents\\AI_Manipulation_Hackathon\\generated_image_sdxl\\68_unattractive.jpg,a portrait photo of a face,0.0,1.5252785682678223,21.375211715698242,0.27978515625
C:\\Users\\hgm1g14\\Documents\\AI_Manipulation_Hackathon\\generated_image_sdxl\\69_attractive.jpg,a portrait photo of a face,2.0,1.5773435831069946,22.161083221435547,0.318603515625
C:\\Users\\hgm1g14\\Documents\\AI_Manipulation_Hackathon\\generated_image_sdxl\\69_normal.jpg,a portrait photo of a face,1.0,1.5348854064941406,21.764684677124023,0.2880859375
C:\\Users\\hgm1g14\\Documents\\AI_Manipulation_Hackathon\\generated_image_sdxl\\69_unattractive.jpg,a portrait photo of a face,0.0,1.6441401243209839,21.845361709594727,0.29296875
C:\\Users\\hgm1g14\\Documents\\AI_Manipulation_Hackathon\\generated_image_sdxl\\6_attractive.jpg,a portrait photo of a face,2.0,1.2158055305480957,22.081270217895508,0.301513671875
C:\\Users\\hgm1g14\\Documents\\AI_Manipulation_Hackathon\\generated_image_sdxl\\6_normal.jpg,a portrait photo of a face,1.0,1.359742283821106,21.823923110961914,0.276611328125
C:\\Users\\hgm1g14\\Documents\\AI_Manipulation_Hackathon\\generated_image_sdxl\\6_unattractive.jpg,a portrait photo of a face,0.0,1.5351135730743408,21.74117660522461,0.2861328125
C:\\Users\\hgm1g14\\Documents\\AI_Manipulation_Hackathon\\generated_image_sdxl\\70_attractive.jpg,a portrait photo of a face,2.0,1.5623950958251953,21.94530487060547,0.28955078125
C:\\Users\\hgm1g14\\Documents\\AI_Manipulation_Hackathon\\generated_image_sdxl\\70_normal.jpg,a portrait photo of a face,1.0,1.1796585321426392,20.954448699951172,0.28173828125
C:\\Users\\hgm1g14\\Documents\\AI_Manipulation_Hackathon\\generated_image_sdxl\\70_unattractive.jpg,a portrait photo of a face,0.0,0.9620091915130615,21.327280044555664,0.287109375
C:\\Users\\hgm1g14\\Documents\\AI_Manipulation_Hackathon\\generated_image_sdxl\\71_attractive.jpg,a portrait photo of a face,2.0,0.9909989237785339,21.228992462158203,0.265625
C:\\Users\\hgm1g14\\Documents\\AI_Manipulation_Hackathon\\generated_image_sdxl\\71_normal.jpg,a portrait photo of a face,1.0,0.6828919053077698,20.689655303955078,0.2406005859375
C:\\Users\\hgm1g14\\Documents\\AI_Manipulation_Hackathon\\generated_image_sdxl\\71_unattractive.jpg,a portrait photo of a face,0.0,0.9999499320983887,20.04866600036621,0.2430419921875
C:\\Users\\hgm1g14\\Documents\\AI_Manipulation_Hackathon\\generated_image_sdxl\\72_attractive.jpg,a portrait photo of a face,2.0,0.35440266132354736,18.70854377746582,0.2022705078125
C:\\Users\\hgm1g14\\Documents\\AI_Manipulation_Hackathon\\generated_image_sdxl\\72_normal.jpg,a portrait photo of a face,1.0,1.3713700771331787,20.517318725585938,0.25732421875
C:\\Users\\hgm1g14\\Documents\\AI_Manipulation_Hackathon\\generated_image_sdxl\\72_unattractive.jpg,a portrait photo of a face,0.0,1.5778030157089233,20.465797424316406,0.256103515625
C:\\Users\\hgm1g14\\Documents\\AI_Manipulation_Hackathon\\generated_image_sdxl\\73_attractive.jpg,a portrait photo of a face,2.0,1.327852725982666,21.940393447875977,0.311279296875
C:\\Users\\hgm1g14\\Documents\\AI_Manipulation_Hackathon\\generated_image_sdxl\\73_normal.jpg,a portrait photo of a face,1.0,1.2953697443008423,21.805997848510742,0.28564453125
C:\\Users\\hgm1g14\\Documents\\AI_Manipulation_Hackathon\\generated_image_sdxl\\73_unattractive.jpg,a portrait photo of a face,0.0,1.2627215385437012,21.692276000976562,0.2822265625
C:\\Users\\hgm1g14\\Documents\\AI_Manipulation_Hackathon\\generated_image_sdxl\\74_attractive.jpg,a portrait photo of a face,2.0,1.0656567811965942,22.088899612426758,0.29541015625
C:\\Users\\hgm1g14\\Documents\\AI_Manipulation_Hackathon\\generated_image_sdxl\\74_normal.jpg,a portrait photo of a face,1.0,0.7649622559547424,21.094022750854492,0.25390625
C:\\Users\\hgm1g14\\Documents\\AI_Manipulation_Hackathon\\generated_image_sdxl\\74_unattractive.jpg,a portrait photo of a face,0.0,1.2004231214523315,21.293949127197266,0.260986328125
C:\\Users\\hgm1g14\\Documents\\AI_Manipulation_Hackathon\\generated_image_sdxl\\75_attractive.jpg,a portrait photo of a face,2.0,0.9449145793914795,21.06937599182129,0.2783203125
C:\\Users\\hgm1g14\\Documents\\AI_Manipulation_Hackathon\\generated_image_sdxl\\75_normal.jpg,a portrait photo of a face,1.0,1.0135366916656494,20.531646728515625,0.2330322265625
C:\\Users\\hgm1g14\\Documents\\AI_Manipulation_Hackathon\\generated_image_sdxl\\75_unattractive.jpg,a portrait photo of a face,0.0,1.4117006063461304,20.948251724243164,0.251708984375
C:\\Users\\hgm1g14\\Documents\\AI_Manipulation_Hackathon\\generated_image_sdxl\\76_attractive.jpg,a portrait photo of a face,2.0,0.8423112034797668,21.131200790405273,0.2578125
C:\\Users\\hgm1g14\\Documents\\AI_Manipulation_Hackathon\\generated_image_sdxl\\76_normal.jpg,a portrait photo of a face,1.0,0.07042034715414047,19.62615203857422,0.2196044921875
C:\\Users\\hgm1g14\\Documents\\AI_Manipulation_Hackathon\\generated_image_sdxl\\76_unattractive.jpg,a portrait photo of a face,0.0,0.3805401027202606,20.206737518310547,0.2379150390625
C:\\Users\\hgm1g14\\Documents\\AI_Manipulation_Hackathon\\generated_image_sdxl\\77_attractive.jpg,a portrait photo of a face,2.0,0.9027774930000305,21.482833862304688,0.26611328125
C:\\Users\\hgm1g14\\Documents\\AI_Manipulation_Hackathon\\generated_image_sdxl\\77_normal.jpg,a portrait photo of a face,1.0,0.5878015160560608,20.480863571166992,0.244873046875
C:\\Users\\hgm1g14\\Documents\\AI_Manipulation_Hackathon\\generated_image_sdxl\\77_unattractive.jpg,a portrait photo of a face,0.0,1.6394535303115845,21.402450561523438,0.304443359375
C:\\Users\\hgm1g14\\Documents\\AI_Manipulation_Hackathon\\generated_image_sdxl\\78_attractive.jpg,a portrait photo of a face,2.0,0.5587843656539917,21.30858612060547,0.277587890625
C:\\Users\\hgm1g14\\Documents\\AI_Manipulation_Hackathon\\generated_image_sdxl\\78_normal.jpg,a portrait photo of a face,1.0,1.1308202743530273,21.184589385986328,0.267333984375
C:\\Users\\hgm1g14\\Documents\\AI_Manipulation_Hackathon\\generated_image_sdxl\\78_unattractive.jpg,a portrait photo of a face,0.0,1.1352630853652954,20.854711532592773,0.248779296875
C:\\Users\\hgm1g14\\Documents\\AI_Manipulation_Hackathon\\generated_image_sdxl\\79_attractive.jpg,a portrait photo of a face,2.0,1.2484054565429688,22.465463638305664,0.3154296875
C:\\Users\\hgm1g14\\Documents\\AI_Manipulation_Hackathon\\generated_image_sdxl\\79_normal.jpg,a portrait photo of a face,1.0,0.5404046773910522,21.588550567626953,0.2384033203125
C:\\Users\\hgm1g14\\Documents\\AI_Manipulation_Hackathon\\generated_image_sdxl\\79_unattractive.jpg,a portrait photo of a face,0.0,1.5486983060836792,21.75042724609375,0.27587890625
C:\\Users\\hgm1g14\\Documents\\AI_Manipulation_Hackathon\\generated_image_sdxl\\7_attractive.jpg,a portrait photo of a face,2.0,0.9121528267860413,21.409353256225586,0.274658203125
C:\\Users\\hgm1g14\\Documents\\AI_Manipulation_Hackathon\\generated_image_sdxl\\7_normal.jpg,a portrait photo of a face,1.0,0.8161594867706299,20.9171142578125,0.250732421875
C:\\Users\\hgm1g14\\Documents\\AI_Manipulation_Hackathon\\generated_image_sdxl\\7_unattractive.jpg,a portrait photo of a face,0.0,0.5849164128303528,21.12841033935547,0.2471923828125
C:\\Users\\hgm1g14\\Documents\\AI_Manipulation_Hackathon\\generated_image_sdxl\\80_attractive.jpg,a portrait photo of a face,2.0,-1.0662399530410767,21.450559616088867,0.279052734375
C:\\Users\\hgm1g14\\Documents\\AI_Manipulation_Hackathon\\generated_image_sdxl\\80_normal.jpg,a portrait photo of a face,1.0,-1.4980909824371338,19.14130973815918,0.2122802734375
C:\\Users\\hgm1g14\\Documents\\AI_Manipulation_Hackathon\\generated_image_sdxl\\80_unattractive.jpg,a portrait photo of a face,0.0,-1.0872430801391602,19.818872451782227,0.234375
C:\\Users\\hgm1g14\\Documents\\AI_Manipulation_Hackathon\\generated_image_sdxl\\81_attractive.jpg,a portrait photo of a face,2.0,1.561978816986084,22.24549102783203,0.313720703125
C:\\Users\\hgm1g14\\Documents\\AI_Manipulation_Hackathon\\generated_image_sdxl\\81_normal.jpg,a portrait photo of a face,1.0,1.4069111347198486,22.381813049316406,0.302734375
C:\\Users\\hgm1g14\\Documents\\AI_Manipulation_Hackathon\\generated_image_sdxl\\81_unattractive.jpg,a portrait photo of a face,0.0,1.5245603322982788,22.345949172973633,0.305419921875
C:\\Users\\hgm1g14\\Documents\\AI_Manipulation_Hackathon\\generated_image_sdxl\\82_attractive.jpg,a portrait photo of a face,2.0,0.4701094329357147,21.576570510864258,0.281494140625
C:\\Users\\hgm1g14\\Documents\\AI_Manipulation_Hackathon\\generated_image_sdxl\\82_normal.jpg,a portrait photo of a face,1.0,0.17152497172355652,20.784597396850586,0.2489013671875
C:\\Users\\hgm1g14\\Documents\\AI_Manipulation_Hackathon\\generated_image_sdxl\\82_unattractive.jpg,a portrait photo of a face,0.0,0.7797948122024536,21.31993865966797,0.269775390625
C:\\Users\\hgm1g14\\Documents\\AI_Manipulation_Hackathon\\generated_image_sdxl\\83_attractive.jpg,a portrait photo of a face,2.0,0.7501884698867798,21.560632705688477,0.266357421875
C:\\Users\\hgm1g14\\Documents\\AI_Manipulation_Hackathon\\generated_image_sdxl\\83_normal.jpg,a portrait photo of a face,1.0,0.9515717029571533,20.3426570892334,0.2366943359375
C:\\Users\\hgm1g14\\Documents\\AI_Manipulation_Hackathon\\generated_image_sdxl\\83_unattractive.jpg,a portrait photo of a face,0.0,1.0535067319869995,20.06744956970215,0.2406005859375
C:\\Users\\hgm1g14\\Documents\\AI_Manipulation_Hackathon\\generated_image_sdxl\\84_attractive.jpg,a portrait photo of a face,2.0,1.2909557819366455,21.30027961730957,0.276611328125
C:\\Users\\hgm1g14\\Documents\\AI_Manipulation_Hackathon\\generated_image_sdxl\\84_normal.jpg,a portrait photo of a face,1.0,1.1589868068695068,21.154138565063477,0.24462890625
C:\\Users\\hgm1g14\\Documents\\AI_Manipulation_Hackathon\\generated_image_sdxl\\84_unattractive.jpg,a portrait photo of a face,0.0,1.7135566473007202,21.692913055419922,0.288818359375
C:\\Users\\hgm1g14\\Documents\\AI_Manipulation_Hackathon\\generated_image_sdxl\\85_attractive.jpg,a portrait photo of a face,2.0,0.8244723677635193,22.375164031982422,0.3017578125
C:\\Users\\hgm1g14\\Documents\\AI_Manipulation_Hackathon\\generated_image_sdxl\\85_normal.jpg,a portrait photo of a face,1.0,0.6698723435401917,19.95094871520996,0.2354736328125
C:\\Users\\hgm1g14\\Documents\\AI_Manipulation_Hackathon\\generated_image_sdxl\\85_unattractive.jpg,a portrait photo of a face,0.0,0.8547799587249756,20.191198348999023,0.259765625
C:\\Users\\hgm1g14\\Documents\\AI_Manipulation_Hackathon\\generated_image_sdxl\\86_attractive.jpg,a portrait photo of a face,2.0,0.8836560845375061,21.793447494506836,0.282470703125
C:\\Users\\hgm1g14\\Documents\\AI_Manipulation_Hackathon\\generated_image_sdxl\\86_normal.jpg,a portrait photo of a face,1.0,0.8397419452667236,21.051088333129883,0.233642578125
C:\\Users\\hgm1g14\\Documents\\AI_Manipulation_Hackathon\\generated_image_sdxl\\86_unattractive.jpg,a portrait photo of a face,0.0,0.8244695663452148,21.460466384887695,0.26318359375
C:\\Users\\hgm1g14\\Documents\\AI_Manipulation_Hackathon\\generated_image_sdxl\\87_attractive.jpg,a portrait photo of a face,2.0,0.4528616666793823,21.79084014892578,0.298583984375
C:\\Users\\hgm1g14\\Documents\\AI_Manipulation_Hackathon\\generated_image_sdxl\\87_normal.jpg,a portrait photo of a face,1.0,0.8890896439552307,20.426259994506836,0.233642578125
C:\\Users\\hgm1g14\\Documents\\AI_Manipulation_Hackathon\\generated_image_sdxl\\87_unattractive.jpg,a portrait photo of a face,0.0,0.5668351054191589,20.360422134399414,0.2408447265625
C:\\Users\\hgm1g14\\Documents\\AI_Manipulation_Hackathon\\generated_image_sdxl\\88_attractive.jpg,a portrait photo of a face,2.0,0.9141683578491211,21.203092575073242,0.2626953125
C:\\Users\\hgm1g14\\Documents\\AI_Manipulation_Hackathon\\generated_image_sdxl\\88_normal.jpg,a portrait photo of a face,1.0,0.8915711045265198,20.968732833862305,0.255859375
C:\\Users\\hgm1g14\\Documents\\AI_Manipulation_Hackathon\\generated_image_sdxl\\88_unattractive.jpg,a portrait photo of a face,0.0,0.0012439608108252287,19.631126403808594,0.1837158203125
C:\\Users\\hgm1g14\\Documents\\AI_Manipulation_Hackathon\\generated_image_sdxl\\89_attractive.jpg,a portrait photo of a face,2.0,1.5836611986160278,22.660602569580078,0.321533203125
C:\\Users\\hgm1g14\\Documents\\AI_Manipulation_Hackathon\\generated_image_sdxl\\89_normal.jpg,a portrait photo of a face,1.0,1.2446959018707275,21.628286361694336,0.289794921875
C:\\Users\\hgm1g14\\Documents\\AI_Manipulation_Hackathon\\generated_image_sdxl\\89_unattractive.jpg,a portrait photo of a face,0.0,1.1901321411132812,21.953475952148438,0.305908203125
C:\\Users\\hgm1g14\\Documents\\AI_Manipulation_Hackathon\\generated_image_sdxl\\8_attractive.jpg,a portrait photo of a face,2.0,0.10269326716661453,20.86663818359375,0.255859375
C:\\Users\\hgm1g14\\Documents\\AI_Manipulation_Hackathon\\generated_image_sdxl\\8_normal.jpg,a portrait photo of a face,1.0,-0.21924491226673126,21.15680694580078,0.251953125
C:\\Users\\hgm1g14\\Documents\\AI_Manipulation_Hackathon\\generated_image_sdxl\\8_unattractive.jpg,a portrait photo of a face,0.0,0.09615615755319595,21.31033706665039,0.257080078125
C:\\Users\\hgm1g14\\Documents\\AI_Manipulation_Hackathon\\generated_image_sdxl\\90_attractive.jpg,a portrait photo of a face,2.0,0.13178056478500366,20.446361541748047,0.257568359375
C:\\Users\\hgm1g14\\Documents\\AI_Manipulation_Hackathon\\generated_image_sdxl\\90_normal.jpg,a portrait photo of a face,1.0,0.26477453112602234,20.391529083251953,0.2266845703125
C:\\Users\\hgm1g14\\Documents\\AI_Manipulation_Hackathon\\generated_image_sdxl\\90_unattractive.jpg,a portrait photo of a face,0.0,1.7046362161636353,20.298765182495117,0.27587890625
C:\\Users\\hgm1g14\\Documents\\AI_Manipulation_Hackathon\\generated_image_sdxl\\91_attractive.jpg,a portrait photo of a face,2.0,0.6148754954338074,21.521961212158203,0.27587890625
C:\\Users\\hgm1g14\\Documents\\AI_Manipulation_Hackathon\\generated_image_sdxl\\91_normal.jpg,a portrait photo of a face,1.0,0.572836697101593,20.456544876098633,0.2467041015625
C:\\Users\\hgm1g14\\Documents\\AI_Manipulation_Hackathon\\generated_image_sdxl\\91_unattractive.jpg,a portrait photo of a face,0.0,0.9088190793991089,21.06529426574707,0.267333984375
C:\\Users\\hgm1g14\\Documents\\AI_Manipulation_Hackathon\\generated_image_sdxl\\92_attractive.jpg,a portrait photo of a face,2.0,1.041136622428894,21.588483810424805,0.2919921875
C:\\Users\\hgm1g14\\Documents\\AI_Manipulation_Hackathon\\generated_image_sdxl\\92_normal.jpg,a portrait photo of a face,1.0,0.5817696452140808,20.639188766479492,0.2254638671875
C:\\Users\\hgm1g14\\Documents\\AI_Manipulation_Hackathon\\generated_image_sdxl\\92_unattractive.jpg,a portrait photo of a face,0.0,0.6449119448661804,20.945310592651367,0.25439453125
C:\\Users\\hgm1g14\\Documents\\AI_Manipulation_Hackathon\\generated_image_sdxl\\93_attractive.jpg,a portrait photo of a face,2.0,1.0848830938339233,21.899734497070312,0.30419921875
C:\\Users\\hgm1g14\\Documents\\AI_Manipulation_Hackathon\\generated_image_sdxl\\93_normal.jpg,a portrait photo of a face,1.0,0.26557978987693787,20.3712158203125,0.2408447265625
C:\\Users\\hgm1g14\\Documents\\AI_Manipulation_Hackathon\\generated_image_sdxl\\93_unattractive.jpg,a portrait photo of a face,0.0,0.7505375146865845,20.75660514831543,0.2578125
C:\\Users\\hgm1g14\\Documents\\AI_Manipulation_Hackathon\\generated_image_sdxl\\94_attractive.jpg,a portrait photo of a face,2.0,0.9723194241523743,21.488557815551758,0.291748046875
C:\\Users\\hgm1g14\\Documents\\AI_Manipulation_Hackathon\\generated_image_sdxl\\94_normal.jpg,a portrait photo of a face,1.0,0.864020586013794,20.793853759765625,0.243896484375
C:\\Users\\hgm1g14\\Documents\\AI_Manipulation_Hackathon\\generated_image_sdxl\\94_unattractive.jpg,a portrait photo of a face,0.0,1.0847965478897095,20.73377227783203,0.248779296875
C:\\Users\\hgm1g14\\Documents\\AI_Manipulation_Hackathon\\generated_image_sdxl\\95_attractive.jpg,a portrait photo of a face,2.0,0.0979103147983551,20.365703582763672,0.254638671875
C:\\Users\\hgm1g14\\Documents\\AI_Manipulation_Hackathon\\generated_image_sdxl\\95_normal.jpg,a portrait photo of a face,1.0,-0.5870906710624695,20.157560348510742,0.2332763671875
C:\\Users\\hgm1g14\\Documents\\AI_Manipulation_Hackathon\\generated_image_sdxl\\95_unattractive.jpg,a portrait photo of a face,0.0,0.8091045022010803,20.433542251586914,0.2464599609375
C:\\Users\\hgm1g14\\Documents\\AI_Manipulation_Hackathon\\generated_image_sdxl\\96_attractive.jpg,a portrait photo of a face,2.0,1.6182832717895508,22.168487548828125,0.32275390625
C:\\Users\\hgm1g14\\Documents\\AI_Manipulation_Hackathon\\generated_image_sdxl\\96_normal.jpg,a portrait photo of a face,1.0,1.384676456451416,21.81049919128418,0.2958984375
C:\\Users\\hgm1g14\\Documents\\AI_Manipulation_Hackathon\\generated_image_sdxl\\96_unattractive.jpg,a portrait photo of a face,0.0,1.4245855808258057,22.191865921020508,0.2998046875
C:\\Users\\hgm1g14\\Documents\\AI_Manipulation_Hackathon\\generated_image_sdxl\\97_attractive.jpg,a portrait photo of a face,2.0,1.081580638885498,21.489551544189453,0.26123046875
C:\\Users\\hgm1g14\\Documents\\AI_Manipulation_Hackathon\\generated_image_sdxl\\97_normal.jpg,a portrait photo of a face,1.0,0.892684817314148,21.14575958251953,0.260986328125
C:\\Users\\hgm1g14\\Documents\\AI_Manipulation_Hackathon\\generated_image_sdxl\\97_unattractive.jpg,a portrait photo of a face,0.0,1.132958173751831,20.544023513793945,0.254638671875
C:\\Users\\hgm1g14\\Documents\\AI_Manipulation_Hackathon\\generated_image_sdxl\\98_attractive.jpg,a portrait photo of a face,2.0,1.324013352394104,22.318422317504883,0.300537109375
C:\\Users\\hgm1g14\\Documents\\AI_Manipulation_Hackathon\\generated_image_sdxl\\98_normal.jpg,a portrait photo of a face,1.0,0.8279023170471191,20.473783493041992,0.2529296875
C:\\Users\\hgm1g14\\Documents\\AI_Manipulation_Hackathon\\generated_image_sdxl\\98_unattractive.jpg,a portrait photo of a face,0.0,1.4051883220672607,22.061250686645508,0.294921875
C:\\Users\\hgm1g14\\Documents\\AI_Manipulation_Hackathon\\generated_image_sdxl\\99_attractive.jpg,a portrait photo of a face,2.0,0.7810205817222595,21.89476776123047,0.30615234375
C:\\Users\\hgm1g14\\Documents\\AI_Manipulation_Hackathon\\generated_image_sdxl\\99_normal.jpg,a portrait photo of a face,1.0,0.8888965249061584,20.852285385131836,0.25390625
C:\\Users\\hgm1g14\\Documents\\AI_Manipulation_Hackathon\\generated_image_sdxl\\99_unattractive.jpg,a portrait photo of a face,0.0,1.391615390777588,21.280879974365234,0.283935546875
C:\\Users\\hgm1g14\\Documents\\AI_Manipulation_Hackathon\\generated_image_sdxl\\9_attractive.jpg,a portrait photo of a face,2.0,0.5883613228797913,21.208415985107422,0.28515625
C:\\Users\\hgm1g14\\Documents\\AI_Manipulation_Hackathon\\generated_image_sdxl\\9_normal.jpg,a portrait photo of a face,1.0,1.4125635623931885,21.387678146362305,0.277099609375
C:\\Users\\hgm1g14\\Documents\\AI_Manipulation_Hackathon\\generated_image_sdxl\\9_unattractive.jpg,a portrait photo of a face,0.0,0.7014631628990173,20.890398025512695,0.269287109375
